step,type,amount,nameOrig,oldbalanceOrg,newbalanceOrig,nameDest,oldbalanceDest,newbalanceDest,isFraud,isFlaggedFraud
1,PAYMENT,9839.64,C1231006815,170136.00,160296.36,M1979787155,0.00,0.00,0,0
1,PAYMENT,1864.28,C1666544295,21249.00,19384.72,M2044282225,0.00,0.00,0,0
1,TRANSFER,181.00,C1305486145,181.00,0.00,C553264065,0.00,0.00,1,0
1,CASH_OUT,181.00,C840083671,181.00,0.00,C38997010,21182.00,0.00,1,0
1,PAYMENT,11668.14,C2048537720,41554.00,29885.86,M1230701703,0.00,0.00,0,0
1,PAYMENT,7817.71,C90045638,53860.00,46042.29,M573487274,0.00,0.00,0,0
1,PAYMENT,7107.77,C154988899,183195.00,176087.23,M408069119,0.00,0.00,0,0
1,PAYMENT,7861.64,C1912850431,176087.23,168225.59,M633326333,0.00,0.00,0,0
1,PAYMENT,4024.36,C1265012928,2671.00,0.00,M1176932104,0.00,0.00,0,0
1,DEBIT,5337.77,C712410124,41720.00,36382.23,C195600860,41898.00,40348.79,0,0
1,DEBIT,9644.94,C1900366749,4465.00,0.00,C997608398,10845.00,157982.12,0,0
1,PAYMENT,3099.97,C249177573,20771.00,17671.03,M2096539129,0.00,0.00,0,0
1,PAYMENT,2560.74,C1648232591,5070.00,2509.26,M972865270,0.00,0.00,0,0
1,PAYMENT,11633.76,C1716932897,10127.00,0.00,M801569151,0.00,0.00,0,0
1,PAYMENT,4098.78,C1026483832,503264.00,499165.22,M1635378213,0.00,0.00,0,0
1,CASH_OUT,229133.94,C905080434,15325.00,0.00,C476402209,5083.00,51513.44,0,0
1,PAYMENT,1563.82,C761750706,450.00,0.00,M1731217984,0.00,0.00,0,0
1,PAYMENT,1157.86,C1237762639,21156.00,19998.14,M1877062907,0.00,0.00,0,0
1,PAYMENT,671.64,C2033524545,15123.00,14451.36,M473053293,0.00,0.00,0,0
1,TRANSFER,215310.30,C1670993182,705.00,0.00,C1100439041,22425.00,0.00,0,0
1,PAYMENT,1373.43,C20804602,13854.00,12480.57,M1344519051,0.00,0.00,0,0
1,DEBIT,9302.79,C1566511282,11299.00,1996.21,C1973538135,29832.00,16896.70,0,0
1,DEBIT,1065.41,C1959239586,1817.00,751.59,C515132998,10330.00,0.00,0,0
1,PAYMENT,3876.41,C504336483,67852.00,63975.59,M1404932042,0.00,0.00,0,0
1,TRANSFER,311685.89,C1984094095,10835.00,0.00,C932583850,6267.00,2719172.89,0,0
1,PAYMENT,6061.13,C1043358826,443.00,0.00,M1558079303,0.00,0.00,0,0
1,PAYMENT,9478.39,C1671590089,116494.00,107015.61,M58488213,0.00,0.00,0,0
1,PAYMENT,8009.09,C1053967012,10968.00,2958.91,M295304806,0.00,0.00,0,0
1,PAYMENT,8901.99,C1632497828,2958.91,0.00,M33419717,0.00,0.00,0,0
1,PAYMENT,9920.52,C764826684,0.00,0.00,M1940055334,0.00,0.00,0,0
1,PAYMENT,3448.92,C2103763750,0.00,0.00,M335107734,0.00,0.00,0,0
1,PAYMENT,4206.84,C215078753,0.00,0.00,M1757317128,0.00,0.00,0,0
1,PAYMENT,5885.56,C840514538,0.00,0.00,M1804441305,0.00,0.00,0,0
1,PAYMENT,5307.88,C1768242710,0.00,0.00,M1971783162,0.00,0.00,0,0
1,PAYMENT,5031.22,C247113419,0.00,0.00,M151442075,0.00,0.00,0,0
1,PAYMENT,24213.67,C1238616099,0.00,0.00,M70695990,0.00,0.00,0,0
1,PAYMENT,8603.42,C1608633989,253.00,0.00,M1615617512,0.00,0.00,0,0
1,PAYMENT,2791.42,C923341586,300481.00,297689.58,M107994825,0.00,0.00,0,0
1,PAYMENT,7413.54,C1470868839,297689.58,290276.03,M1426725223,0.00,0.00,0,0
1,PAYMENT,3295.19,C711197015,233633.00,230337.81,M1384454980,0.00,0.00,0,0
1,PAYMENT,1684.81,C1481594086,297.00,0.00,M1569435561,0.00,0.00,0,0
1,DEBIT,5758.59,C1466917878,32604.00,26845.41,C1297685781,209699.00,16997.22,0,0
1,CASH_OUT,110414.71,C768216420,26845.41,0.00,C1509514333,288800.00,2415.16,0,0
1,PAYMENT,7823.46,C260084831,998.00,0.00,M267814113,0.00,0.00,0,0
1,PAYMENT,5086.48,C598357562,0.00,0.00,M1593224710,0.00,0.00,0,0
1,PAYMENT,5281.48,C1440738283,152019.00,146737.52,M1849015357,0.00,0.00,0,0
1,PAYMENT,13875.98,C484199463,15818.00,1942.02,M2008106788,0.00,0.00,0,0
1,CASH_OUT,56953.90,C1570470538,1942.02,0.00,C824009085,70253.00,64106.18,0,0
1,CASH_OUT,5346.89,C512549200,0.00,0.00,C248609774,652637.00,6453430.91,0,0
1,PAYMENT,2204.04,C1615801298,586.00,0.00,M490391704,0.00,0.00,0,0
1,PAYMENT,2641.47,C460570271,23053.00,20411.53,M1653361344,0.00,0.00,0,0
1,CASH_OUT,23261.30,C2072313080,20411.53,0.00,C2001112025,25742.00,0.00,0,0
1,PAYMENT,2330.64,C816944408,203543.00,201212.36,M909132503,0.00,0.00,0,0
1,PAYMENT,1614.64,C912966811,41276.00,39661.36,M1792384402,0.00,0.00,0,0
1,PAYMENT,9164.71,C1458621573,47235.77,38071.06,M1658980982,0.00,0.00,0,0
1,PAYMENT,2970.97,C46941357,38071.06,35100.09,M1152606315,0.00,0.00,0,0
1,PAYMENT,38.66,C343345308,16174.00,16135.34,M1714688478,0.00,0.00,0,0
1,PAYMENT,2252.44,C104716441,1627.00,0.00,M1506951181,0.00,0.00,0,0
1,TRANSFER,62610.80,C1976401987,79114.00,16503.20,C1937962514,517.00,8383.29,0,0
1,DEBIT,5529.13,C867288517,8547.00,3017.87,C242131142,10206.00,0.00,0,0
1,CASH_OUT,82940.31,C1528834618,3017.87,0.00,C476800120,132372.00,49864.36,0,0
1,DEBIT,4510.22,C280615803,10256.00,5745.78,C1254526270,10697.00,0.00,0,0
1,DEBIT,8727.74,C166694583,882770.00,874042.26,C1129670968,12636.00,0.00,0,0
1,PAYMENT,2599.46,C885910946,874042.26,871442.79,M1860591867,0.00,0.00,0,0
1,DEBIT,4874.49,C811207775,153.00,0.00,C1971489295,253104.00,0.00,0,0
1,PAYMENT,6440.78,C1161148117,2192.00,0.00,M516875052,0.00,0.00,0,0
1,PAYMENT,4910.14,C1131592118,41551.00,36640.86,M589987187,0.00,0.00,0,0
1,PAYMENT,6444.64,C1262609629,12019.00,5574.36,M587180314,0.00,0.00,0,0
1,DEBIT,5149.66,C1955990522,4782.00,0.00,C1330106945,52752.00,24044.18,0,0
1,PAYMENT,7292.16,C69673470,216827.00,209534.84,M1082411691,0.00,0.00,0,0
1,CASH_OUT,47458.86,C527211736,209534.84,162075.98,C2096057945,52120.00,0.00,0,0
1,CASH_OUT,136872.92,C1533123860,162075.98,25203.05,C766572210,217806.00,0.00,0,0
1,CASH_OUT,94253.33,C1718906711,25203.05,0.00,C977993101,99773.00,965870.05,0,0
1,PAYMENT,2998.04,C71802912,12030.00,9031.96,M2134271532,0.00,0.00,0,0
1,PAYMENT,3454.08,C686349795,9031.96,5577.88,M1831010686,0.00,0.00,0,0
1,PAYMENT,4316.20,C1423768154,10999.00,6682.80,M404222443,0.00,0.00,0,0
1,PAYMENT,2131.84,C1987977423,224.00,0.00,M61073295,0.00,0.00,0,0
1,PAYMENT,12986.61,C807322507,23350.00,10363.39,M396485834,0.00,0.00,0,0
1,TRANSFER,42712.39,C283039401,10363.39,0.00,C1330106945,57901.66,24044.18,0,0
1,TRANSFER,77957.68,C207471778,0.00,0.00,C1761291320,94900.00,22233.65,0,0
1,TRANSFER,17231.46,C1243171897,0.00,0.00,C783286238,24672.00,0.00,0,0
1,TRANSFER,78766.03,C1376151044,0.00,0.00,C1749186397,103772.00,277515.05,0,0
1,TRANSFER,224606.64,C873175411,0.00,0.00,C766572210,354678.92,0.00,0,0
1,TRANSFER,125872.53,C1443967876,0.00,0.00,C392292416,348512.00,3420103.09,0,0
1,TRANSFER,379856.23,C1449772539,0.00,0.00,C1590550415,900180.00,19169204.93,0,0
1,TRANSFER,1505626.01,C926859124,0.00,0.00,C665576141,29031.00,5515763.34,0,0
1,TRANSFER,554026.99,C1603696865,0.00,0.00,C766572210,579285.56,0.00,0,0
1,TRANSFER,147543.10,C12905860,0.00,0.00,C1359044626,223220.00,16518.36,0,0
1,TRANSFER,761507.39,C412788346,0.00,0.00,C1590550415,1280036.23,19169204.93,0,0
1,TRANSFER,1429051.47,C1520267010,0.00,0.00,C1590550415,2041543.62,19169204.93,0,0
1,TRANSFER,358831.92,C908084672,0.00,0.00,C392292416,474384.53,3420103.09,0,0
1,TRANSFER,367768.40,C288306765,0.00,0.00,C1359044626,370763.10,16518.36,0,0
1,TRANSFER,209711.11,C1556867940,0.00,0.00,C1509514333,399214.71,2415.16,0,0
1,TRANSFER,583848.46,C1839168128,0.00,0.00,C1286084959,667778.00,2107778.11,0,0
1,TRANSFER,1724887.05,C1495608502,0.00,0.00,C1590550415,3470595.10,19169204.93,0,0
1,TRANSFER,710544.77,C835773569,0.00,0.00,C1359044626,738531.50,16518.36,0,0
1,TRANSFER,581294.26,C843299092,0.00,0.00,C1590550415,5195482.15,19169204.93,0,0
1,TRANSFER,11996.58,C605982374,0.00,0.00,C1225616405,40255.00,0.00,0,0
1,PAYMENT,2875.10,C1412322831,15443.00,12567.90,M1651262695,0.00,0.00,0,0
1,PAYMENT,8586.98,C1305004711,3763.00,0.00,M494077446,0.00,0.00,0,0
1,PAYMENT,871.75,C1003206025,19869.00,18997.25,M989889899,0.00,0.00,0,0
1,PAYMENT,1035.36,C806813022,71636.00,70600.64,M902860396,0.00,0.00,0,0
1,PAYMENT,1063.53,C1406206626,83084.00,82020.47,M1816522350,0.00,0.00,0,0
1,PAYMENT,1019.90,C1799230133,204237.00,203217.10,M1521238608,0.00,0.00,0,0
1,PAYMENT,4059.38,C20156341,26304.00,22244.62,M1111897955,0.00,0.00,0,0
1,PAYMENT,1876.44,C1509309988,182.00,0.00,M1643141512,0.00,0.00,0,0
1,CASH_OUT,28404.60,C2091072548,0.00,0.00,C1282788025,51744.00,0.00,0,0
1,CASH_OUT,75405.10,C263053820,0.00,0.00,C1870252780,104209.00,46462.23,0,0
1,CASH_OUT,50101.88,C1740826931,0.00,0.00,C97730845,67684.00,9940339.29,0,0
1,CASH_OUT,14121.82,C69062746,0.00,0.00,C100555887,52679.00,10963.66,0,0
1,CASH_OUT,78292.91,C1631227617,0.00,0.00,C1983747920,121112.00,95508.95,0,0
1,CASH_OUT,176149.90,C24650043,0.00,0.00,C736709391,259813.00,46820.71,0,0
1,CASH_OUT,212228.35,C1896074070,0.00,0.00,C401424608,429747.00,1178808.14,0,0
1,CASH_OUT,85423.63,C460741164,0.00,0.00,C1590550415,5776776.41,19169204.93,0,0
1,CASH_OUT,11648.50,C781091365,0.00,0.00,C985934102,260976.00,971418.91,0,0
1,PAYMENT,6165.58,C1858015030,20925.00,14759.42,M25764044,0.00,0.00,0,0
1,PAYMENT,3705.83,C671596011,41903.46,38197.63,M1925352804,0.00,0.00,0,0
1,CASH_OUT,419801.40,C1687354037,38197.63,0.00,C33524623,499962.00,1517262.16,0,0
1,CASH_OUT,335416.51,C743778731,144478.00,0.00,C575335780,295.00,52415.15,0,0
1,PAYMENT,3372.29,C967323951,41398.00,38025.71,M1600594643,0.00,0.00,0,0
1,PAYMENT,661.43,C743648472,14078.00,13416.57,M692998280,0.00,0.00,0,0
1,DEBIT,864.68,C1368862151,69836.00,68971.32,C20671747,12040.00,43691.09,0,0
1,PAYMENT,1203.44,C922807452,29941.00,28737.56,M33563464,0.00,0.00,0,0
1,TRANSFER,330757.04,C1494346128,103657.00,0.00,C564160838,79676.00,1254956.07,0,0
1,PAYMENT,1915.43,C822087264,11450.00,9534.57,M30699728,0.00,0.00,0,0
1,PAYMENT,8.73,C38603201,81313.00,81304.27,M1422273905,0.00,0.00,0,0
1,DEBIT,3058.80,C1694784135,18138.00,15079.20,C801197928,11054.00,8917.54,0,0
1,PAYMENT,5154.97,C1207231495,9476.00,4321.03,M756936249,0.00,0.00,0,0
1,PAYMENT,5213.25,C1221981006,36380.00,31166.75,M264394929,0.00,0.00,0,0
1,PAYMENT,5392.75,C1878413714,50757.00,45364.25,M769132147,0.00,0.00,0,0
1,PAYMENT,25.12,C1257299717,61663.00,61637.88,M1474957626,0.00,0.00,0,0
1,PAYMENT,17150.89,C181252244,61637.88,44486.99,M1733022752,0.00,0.00,0,0
1,TRANSFER,679502.24,C722417467,290.00,0.00,C451111351,171866.00,3940085.21,0,0
1,TRANSFER,177652.91,C753631393,23720.00,0.00,C716157500,55.00,4894.45,0,0
1,PAYMENT,5443.26,C1262869688,236997.00,231553.74,M1914108708,0.00,0.00,0,0
1,PAYMENT,244.87,C544386226,257978.49,257733.62,M1357700757,0.00,0.00,0,0
1,PAYMENT,8281.57,C900298796,257733.62,249452.05,M1889757798,0.00,0.00,0,0
1,PAYMENT,1175.59,C1166106620,20509.00,19333.41,M1932470703,0.00,0.00,0,0
1,PAYMENT,1097.74,C221861886,24866.00,23768.26,M1713568869,0.00,0.00,0,0
1,TRANSFER,184986.80,C697508322,39588.00,0.00,C1688019098,52340.00,97263.78,0,0
1,PAYMENT,1718.29,C603658030,117811.00,116092.71,M1689924104,0.00,0.00,0,0
1,PAYMENT,3671.32,C361380654,100094.00,96422.68,M631673932,0.00,0.00,0,0
1,DEBIT,3580.26,C1579132337,2565.00,0.00,C1321640594,21185.00,18910.85,0,0
1,PAYMENT,8550.90,C1795225096,40060.00,31509.10,M790094605,0.00,0.00,0,0
1,PAYMENT,9753.55,C1048712791,60829.00,51075.45,M487792155,0.00,0.00,0,0
1,PAYMENT,3026.98,C1909398279,31139.00,28112.02,M1632670136,0.00,0.00,0,0
1,CASH_OUT,467177.03,C1338905451,28112.02,0.00,C1170794006,975121.00,22190.99,0,0
1,DEBIT,3875.99,C1252540239,259138.00,255262.01,C1509514333,608925.82,2415.16,0,0
1,PAYMENT,2148.89,C1136005694,31213.00,29064.11,M638486177,0.00,0.00,0,0
1,PAYMENT,466.97,C426019904,80030.00,79563.03,M314411620,0.00,0.00,0,0
1,CASH_OUT,154139.72,C1642679791,79563.03,0.00,C564160838,410433.04,1254956.07,0,0
1,CASH_OUT,82685.93,C855700733,0.00,0.00,C392292416,833216.44,3420103.09,0,0
1,CASH_OUT,83857.23,C247162961,0.00,0.00,C1297685781,215457.59,16997.22,0,0
1,CASH_OUT,99109.77,C1890266440,0.00,0.00,C1297685781,299314.82,16997.22,0,0
1,CASH_OUT,187726.67,C1527152775,0.00,0.00,C747464370,190573.00,1567434.81,0,0
1,CASH_OUT,281339.92,C1863655430,0.00,0.00,C1509514333,612801.81,2415.16,0,0
1,CASH_OUT,186447.51,C976827477,0.00,0.00,C1590550415,5862200.03,19169204.93,0,0
1,CASH_OUT,81029.86,C324112183,0.00,0.00,C288665596,105343.00,8496.61,0,0
1,CASH_OUT,139054.95,C2092709730,0.00,0.00,C1749186397,182538.03,277515.05,0,0
1,CASH_OUT,154716.20,C980364771,0.00,0.00,C453211571,187433.00,3461666.05,0,0
1,CASH_OUT,53631.83,C1233595751,0.00,0.00,C757108857,83244.00,0.00,0,0
1,CASH_OUT,289645.52,C1446001495,0.00,0.00,C1023714065,871442.79,1412484.09,0,0
1,CASH_OUT,267148.82,C1261044180,0.00,0.00,C401424608,641975.35,1178808.14,0,0
1,CASH_OUT,47913.58,C141110631,0.00,0.00,C240650537,51304.00,0.00,0,0
1,CASH_OUT,193605.38,C2029372696,0.00,0.00,C1971489295,249452.05,0.00,0,0
1,CASH_OUT,344464.40,C793293778,0.00,0.00,C766572210,1133312.56,0.00,0,0
1,CASH_OUT,169409.87,C888611662,0.00,0.00,C401424608,909124.16,1178808.14,0,0
1,CASH_OUT,25793.74,C1966355106,0.00,0.00,C476800120,215312.31,49864.36,0,0
1,CASH_OUT,114712.48,C599782425,0.00,0.00,C1209271652,145400.00,0.00,0,0
1,CASH_OUT,89038.75,C1233327519,0.00,0.00,C2083562754,189808.00,1186556.81,0,0
1,CASH_OUT,1341.58,C1155769010,0.00,0.00,C557041912,80341.00,557537.26,0,0
1,CASH_OUT,44443.08,C269892014,0.00,0.00,C1590550415,6048647.54,19169204.93,0,0
1,CASH_OUT,34729.64,C1280641161,0.00,0.00,C1435804085,44853.00,96.88,0,0
1,CASH_OUT,105979.34,C489411441,0.00,0.00,C736709391,435962.90,46820.71,0,0
1,CASH_OUT,57794.61,C1141113940,0.00,0.00,C240650537,99217.58,0.00,0,0
1,CASH_OUT,15918.79,C1711185459,0.00,0.00,C1854778591,24553.00,0.00,0,0
1,CASH_OUT,19162.08,C25936709,0.00,0.00,C885951223,60169.00,215851.28,0,0
1,CASH_OUT,220691.42,C1123559518,0.00,0.00,C1590550415,6093090.62,19169204.93,0,0
1,CASH_OUT,9536.54,C649769713,0.00,0.00,C1060830840,49161.00,130747.56,0,0
1,CASH_OUT,29784.06,C925150995,0.00,0.00,C920011586,63553.00,0.00,0,0
1,CASH_OUT,190445.51,C1760219993,0.00,0.00,C1360767589,203679.00,2107965.39,0,0
1,CASH_OUT,57279.11,C1800649922,0.00,0.00,C824009085,127206.90,64106.18,0,0
1,CASH_OUT,112086.81,C403547747,0.00,0.00,C1531333864,292728.00,55974.56,0,0
1,CASH_OUT,80311.89,C172215878,0.00,0.00,C434091818,87408.00,63112.23,0,0
1,CASH_OUT,151829.91,C873309260,0.00,0.00,C1023714065,1161088.31,1412484.09,0,0
1,CASH_OUT,26004.52,C1112456099,0.00,0.00,C1225616405,52251.58,0.00,0,0
1,CASH_OUT,3146.16,C923083575,0.00,0.00,C1504109395,9471.00,593737.38,0,0
1,CASH_OUT,296752.75,C589363823,0.00,0.00,C1531333864,404814.81,55974.56,0,0
1,CASH_OUT,191702.06,C2052457859,0.00,0.00,C985934102,272624.50,971418.91,0,0
1,CASH_OUT,365510.05,C1299327689,0.00,0.00,C564160838,564572.76,1254956.07,0,0
1,CASH_OUT,202332.08,C1408279755,0.00,0.00,C453211571,342149.20,3461666.05,0,0
1,CASH_OUT,55105.90,C2007486296,0.00,0.00,C932583850,317952.89,2719172.89,0,0
1,CASH_OUT,171508.59,C1033348658,0.00,0.00,C1971489295,443057.43,0.00,0,0
1,CASH_OUT,178439.26,C1634723627,0.00,0.00,C2083562754,278846.75,1186556.81,0,0
1,CASH_OUT,88834.86,C938463537,0.00,0.00,C985934102,464326.57,971418.91,0,0
1,CASH_OUT,210370.09,C2121995675,0.00,0.00,C1170794006,1442298.03,22190.99,0,0
1,CASH_OUT,36437.06,C2120063568,0.00,0.00,C1740000325,154606.00,1363368.51,0,0
1,CASH_OUT,82691.56,C1620409359,0.00,0.00,C248609774,657983.89,6453430.91,0,0
1,CASH_OUT,338767.10,C691691381,0.00,0.00,C453211571,544481.28,3461666.05,0,0
1,CASH_OUT,187728.59,C264978436,0.00,0.00,C1360767589,394124.51,2107965.39,0,0
1,CASH_OUT,271002.70,C500618423,0.00,0.00,C451111351,851368.24,3940085.21,0,0
1,CASH_OUT,323105.08,C1458091526,0.00,0.00,C747464370,378299.67,1567434.81,0,0
1,CASH_OUT,10782.94,C768776793,0.00,0.00,C796533847,100585.00,0.00,0,0
1,CASH_OUT,89962.11,C2018260103,0.00,0.00,C240650537,157012.19,0.00,0,0
1,CASH_OUT,101940.14,C1393828949,0.00,0.00,C357863579,105362.00,92307.65,0,0
1,CASH_OUT,163100.34,C1088417975,0.00,0.00,C401424608,1078534.03,1178808.14,0,0
1,CASH_OUT,136030.66,C2036775591,0.00,0.00,C757108857,136875.83,0.00,0,0
1,CASH_OUT,68912.23,C1620529408,0.00,0.00,C1688019098,237326.80,97263.78,0,0
1,CASH_OUT,73464.06,C307488715,0.00,0.00,C1789550256,444779.00,4619798.56,0,0
1,CASH_OUT,106117.28,C758572926,0.00,0.00,C476402209,234216.94,51513.44,0,0
1,CASH_OUT,503333.79,C1640612861,0.00,0.00,C985934102,553161.42,971418.91,0,0
1,CASH_OUT,71991.42,C990679445,0.00,0.00,C557041912,81682.58,557537.26,0,0
1,CASH_OUT,91379.93,C913065088,0.00,0.00,C401424608,1241634.38,1178808.14,0,0
1,CASH_OUT,26759.05,C746280996,0.00,0.00,C1360767589,581853.10,2107965.39,0,0
1,CASH_OUT,128487.35,C50503805,0.00,0.00,C747464370,701404.75,1567434.81,0,0
1,CASH_OUT,252908.87,C1557989809,0.00,0.00,C33524623,919763.40,1517262.16,0,0
1,CASH_OUT,64489.64,C146874094,0.00,0.00,C1297685781,398424.59,16997.22,0,0
1,CASH_OUT,171369.73,C2123222442,0.00,0.00,C451111351,1122370.94,3940085.21,0,0
1,PAYMENT,4493.29,C1746570062,8258.00,3764.71,M1555990397,0.00,0.00,0,0
1,PAYMENT,12121.50,C1544078442,97058.00,84936.50,M1291367132,0.00,0.00,0,0
1,PAYMENT,2278.19,C1887699190,290.00,0.00,M1479140596,0.00,0.00,0,0
1,PAYMENT,7707.44,C1108889615,99827.00,92119.56,M1275028674,0.00,0.00,0,0
1,PAYMENT,4013.02,C455888635,92119.56,88106.55,M204805934,0.00,0.00,0,0
1,PAYMENT,5775.15,C204322447,132329.00,126553.85,M1019484860,0.00,0.00,0,0
1,PAYMENT,4843.93,C1164365897,51718.00,46874.07,M1640899500,0.00,0.00,0,0
1,PAYMENT,2397.82,C3565780,20421.00,18023.18,M473666452,0.00,0.00,0,0
1,PAYMENT,4391.44,C1865219266,228.00,0.00,M2138005960,0.00,0.00,0,0
1,DEBIT,4497.87,C1278002745,107388.00,102890.13,C510113906,19053.00,5417.23,0,0
1,PAYMENT,7452.89,C214649627,102397.00,94944.11,M67730604,0.00,0.00,0,0
1,PAYMENT,3930.81,C15477956,6032.00,2101.19,M710623214,0.00,0.00,0,0
1,CASH_OUT,71532.24,C2082351661,2101.19,0.00,C1810132623,74956.00,97128.19,0,0
1,CASH_OUT,61159.51,C859690270,0.00,0.00,C476402209,340334.22,51513.44,0,0
1,CASH_OUT,12401.90,C1389774257,0.00,0.00,C1096283470,349763.00,0.00,0,0
1,CASH_OUT,32702.61,C553759818,0.00,0.00,C75457651,253053.00,31469.78,0,0
1,PAYMENT,6926.67,C751021317,152927.00,146000.33,M1896552614,0.00,0.00,0,0
1,PAYMENT,893.57,C294658299,10676.00,9782.43,M1033856359,0.00,0.00,0,0
1,TRANSFER,480222.51,C201677908,11110.00,0.00,C451111351,1293740.67,3940085.21,0,0
1,PAYMENT,3608.41,C635611994,11150.00,7541.59,M904253669,0.00,0.00,0,0
1,PAYMENT,5946.79,C1930903395,7541.59,1594.80,M1431710377,0.00,0.00,0,0
1,PAYMENT,6099.96,C1700721442,42133.00,36033.04,M2116511124,0.00,0.00,0,0
1,PAYMENT,372.34,C872522004,65254.00,64881.66,M1348916831,0.00,0.00,0,0
1,PAYMENT,4635.18,C1110698130,6313782.05,6309146.87,M125644421,0.00,0.00,0,0
1,PAYMENT,1267.97,C1053632127,6309146.87,6307878.90,M1493158871,0.00,0.00,0,0
1,PAYMENT,6911.99,C89509666,6307878.90,6300966.92,M1806880779,0.00,0.00,0,0
1,PAYMENT,1795.67,C1016856028,6300966.92,6299171.25,M446445803,0.00,0.00,0,0
1,PAYMENT,3199.06,C832292933,6299171.25,6295972.18,M1280603381,0.00,0.00,0,0
1,PAYMENT,10265.17,C792855998,6295972.18,6285707.02,M1424108509,0.00,0.00,0,0
1,PAYMENT,9029.12,C1003755748,25480.00,16450.88,M1414013111,0.00,0.00,0,0
1,PAYMENT,7600.57,C1805164661,50747.00,43146.43,M778162712,0.00,0.00,0,0
1,PAYMENT,2057.71,C896138248,25132.00,23074.29,M548482954,0.00,0.00,0,0
1,PAYMENT,3823.08,C243575009,10382.00,6558.92,M777341499,0.00,0.00,0,0
1,TRANSFER,2806.00,C1420196421,2806.00,0.00,C972765878,0.00,0.00,1,0
1,CASH_OUT,2806.00,C2101527076,2806.00,0.00,C1007251739,26202.00,0.00,1,0
1,PAYMENT,6737.20,C1454026445,624.00,0.00,M1378497201,0.00,0.00,0,0
1,PAYMENT,9161.98,C892931811,11128.00,1966.02,M1577167234,0.00,0.00,0,0
1,PAYMENT,1239.06,C1574873161,396386.00,395146.94,M1591916281,0.00,0.00,0,0
1,PAYMENT,365.00,C600958416,319.00,0.00,M1884231057,0.00,0.00,0,0
1,PAYMENT,5237.54,C1492875057,27105.00,21867.46,M333793193,0.00,0.00,0,0
1,PAYMENT,2618.76,C1068945248,21867.46,19248.70,M937277082,0.00,0.00,0,0
1,PAYMENT,339.82,C882646447,12076.00,11736.18,M234740890,0.00,0.00,0,0
1,DEBIT,1393.46,C79290250,100068.00,98674.54,C1076835071,26446.00,318637.36,0,0
1,PAYMENT,2731.37,C1586151649,17540.00,14808.63,M179294202,0.00,0.00,0,0
1,PAYMENT,8364.73,C1767230265,81.00,0.00,M593103894,0.00,0.00,0,0
1,PAYMENT,6598.71,C727666004,16392.00,9793.29,M1601935322,0.00,0.00,0,0
1,PAYMENT,4304.58,C414225167,10708.00,6403.42,M1803093683,0.00,0.00,0,0
1,PAYMENT,2867.14,C975033189,943.00,0.00,M962287291,0.00,0.00,0,0
1,PAYMENT,2946.38,C628064884,0.00,0.00,M109069556,0.00,0.00,0,0
1,PAYMENT,507.12,C1389509050,87005.00,86497.88,M828326869,0.00,0.00,0,0
1,PAYMENT,3020.86,C1761217448,50361.00,47340.14,M1817789863,0.00,0.00,0,0
1,PAYMENT,8948.03,C788905599,11137.00,2188.97,M1678709153,0.00,0.00,0,0
1,CASH_OUT,280877.92,C1544614339,2188.97,0.00,C1297685781,462914.23,16997.22,0,0
1,PAYMENT,1084.90,C2059592603,13727.00,12642.10,M2016828666,0.00,0.00,0,0
1,PAYMENT,9456.69,C1688782916,12642.10,3185.41,M1064154107,0.00,0.00,0,0
1,PAYMENT,5812.36,C1390301622,3185.41,0.00,M415565467,0.00,0.00,0,0
1,TRANSFER,157883.07,C973936431,46547.00,0.00,C1335050193,72793.00,353532.56,0,0
1,PAYMENT,2734.77,C1756207614,4511.00,1776.23,M1214133948,0.00,0.00,0,0
1,CASH_OUT,102153.86,C2015301874,1776.23,0.00,C1335050193,230676.07,353532.56,0,0
1,PAYMENT,584.52,C712627377,15479.00,14894.48,M782228073,0.00,0.00,0,0
1,PAYMENT,6113.14,C399373008,15629.00,9515.86,M391506011,0.00,0.00,0,0
1,CASH_OUT,369989.20,C1936550492,9515.86,0.00,C1789550256,518243.06,4619798.56,0,0
1,CASH_OUT,215338.28,C594651850,0.00,0.00,C75457651,285755.61,31469.78,0,0
1,CASH_OUT,65521.42,C1532139270,0.00,0.00,C920011586,93337.06,0.00,0,0
1,CASH_OUT,116977.58,C1677568775,0.00,0.00,C1740000325,191043.06,1363368.51,0,0
1,CASH_OUT,262392.36,C2069500590,0.00,0.00,C2083562754,457286.01,1186556.81,0,0
1,CASH_OUT,51121.05,C1431556341,0.00,0.00,C1740000325,308020.64,1363368.51,0,0
1,CASH_OUT,202624.59,C452364286,0.00,0.00,C985934102,1056495.21,971418.91,0,0
1,CASH_OUT,118235.16,C350069300,0.00,0.00,C1335050193,332829.93,353532.56,0,0
1,CASH_OUT,118056.71,C1060703587,0.00,0.00,C757108857,272906.49,0.00,0,0
1,CASH_OUT,498960.91,C1957078537,0.00,0.00,C1360767589,608612.15,2107965.39,0,0
1,CASH_OUT,691738.36,C1514214932,0.00,0.00,C1590550415,6285707.02,19169204.93,0,0
1,CASH_OUT,58820.08,C594858858,0.00,0.00,C1360767589,1107573.06,2107965.39,0,0
1,PAYMENT,4419.04,C1423016050,52951.00,48531.96,M352776719,0.00,0.00,0,0
1,PAYMENT,4270.02,C1202042637,9516.00,5245.98,M1112527632,0.00,0.00,0,0
1,PAYMENT,3007.83,C440736059,49905.00,46897.17,M955324150,0.00,0.00,0,0
1,PAYMENT,1824.59,C1384563514,25138.00,23313.41,M1852661033,0.00,0.00,0,0
1,PAYMENT,993.46,C1548946718,19448.00,18454.54,M1814423236,0.00,0.00,0,0
1,CASH_OUT,302693.14,C140404585,18454.54,0.00,C1688019098,306239.03,97263.78,0,0
1,PAYMENT,1445.06,C207546206,10892.00,9446.94,M1218519094,0.00,0.00,0,0
1,PAYMENT,4059.25,C200404000,4186.00,126.75,M1894758168,0.00,0.00,0,0
1,PAYMENT,3417.18,C191945292,126.75,0.00,M1242688388,0.00,0.00,0,0
1,DEBIT,3428.95,C1317375498,147798.00,144369.05,C665576141,1534657.01,5515763.34,0,0
1,PAYMENT,5580.98,C1130346421,7781.00,2200.02,M1316005672,0.00,0.00,0,0
1,DEBIT,3455.85,C192428201,3509.00,53.15,C401424608,1333014.31,1178808.14,0,0
1,PAYMENT,7265.63,C1768882706,14508.00,7242.37,M1463022229,0.00,0.00,0,0
1,PAYMENT,3852.64,C472991420,1449076.27,1445223.63,M1455855843,0.00,0.00,0,0
1,PAYMENT,7870.29,C1202220987,1445223.63,1437353.34,M256346753,0.00,0.00,0,0
1,DEBIT,12872.92,C425015667,11197.00,0.00,C466505482,51885.00,0.00,0,0
1,PAYMENT,6675.34,C2075568954,10107.00,3431.66,M2145896000,0.00,0.00,0,0
1,CASH_OUT,410201.89,C1279740095,21448.00,0.00,C1750905143,61613.00,424250.45,0,0
1,PAYMENT,13310.78,C2095677157,0.00,0.00,M852026681,0.00,0.00,0,0
1,PAYMENT,664.35,C1943855334,102983.00,102318.65,M94919826,0.00,0.00,0,0
1,PAYMENT,2130.30,C847320212,10958.00,8827.70,M1201004240,0.00,0.00,0,0
1,PAYMENT,7771.40,C1406848276,8827.70,1056.30,M349259569,0.00,0.00,0,0
1,PAYMENT,36349.35,C785306763,1056.30,0.00,M1204088028,0.00,0.00,0,0
1,PAYMENT,749.34,C1123236701,0.00,0.00,M1552221437,0.00,0.00,0,0
1,PAYMENT,2340.34,C79161706,0.00,0.00,M1685407532,0.00,0.00,0,0
1,PAYMENT,9686.85,C1057468716,0.00,0.00,M1272051933,0.00,0.00,0,0
1,PAYMENT,15785.85,C1888924788,0.00,0.00,M1041547629,0.00,0.00,0,0
1,PAYMENT,9006.78,C1016633682,0.00,0.00,M2018220300,0.00,0.00,0,0
1,PAYMENT,9014.95,C1027319653,0.00,0.00,M633079302,0.00,0.00,0,0
1,PAYMENT,14420.66,C1561745898,0.00,0.00,M2033268925,0.00,0.00,0,0
1,PAYMENT,4802.31,C424786033,0.00,0.00,M1545077099,0.00,0.00,0,0
1,PAYMENT,28527.44,C867093003,0.00,0.00,M1135278099,0.00,0.00,0,0
1,PAYMENT,4182.93,C1470911015,0.00,0.00,M1268974304,0.00,0.00,0,0
1,PAYMENT,4088.21,C244872973,0.00,0.00,M451312813,0.00,0.00,0,0
1,PAYMENT,8491.90,C795748540,0.00,0.00,M2081000371,0.00,0.00,0,0
1,DEBIT,6666.78,C837073696,11876.00,5209.22,C655381473,24777.00,189534.74,0,0
1,PAYMENT,6536.86,C416201381,17319.00,10782.14,M1178290888,0.00,0.00,0,0
1,CASH_OUT,40684.97,C1985938863,10782.14,0.00,C1291286504,49530.00,66575.50,0,0
1,PAYMENT,1553.21,C1660325375,31516.00,29962.79,M251664534,0.00,0.00,0,0
1,DEBIT,7344.92,C334593716,0.00,0.00,C485041780,185432.00,0.00,0,0
1,CASH_OUT,106267.21,C487416600,0.00,0.00,C476800120,241106.05,49864.36,0,0
1,PAYMENT,5491.50,C1271041075,36605.00,31113.50,M1141500277,0.00,0.00,0,0
1,PAYMENT,3666.42,C1544895390,48117.00,44450.58,M712410791,0.00,0.00,0,0
1,PAYMENT,5507.18,C1971991758,36030.00,30522.82,M2126723403,0.00,0.00,0,0
1,DEBIT,4565.14,C201274566,30265.00,25699.86,C747464370,829892.09,1567434.81,0,0
1,PAYMENT,11348.71,C354605216,734899.00,723550.29,M824881806,0.00,0.00,0,0
1,TRANSFER,123179.97,C1447353473,7215.00,0.00,C20671747,12904.68,43691.09,0,0
1,PAYMENT,7073.60,C611289995,0.00,0.00,M663466110,0.00,0.00,0,0
1,PAYMENT,2803.83,C1129433283,0.00,0.00,M864138492,0.00,0.00,0,0
1,PAYMENT,106.81,C1810518740,0.00,0.00,M295180183,0.00,0.00,0,0
1,PAYMENT,6297.71,C1547883191,762.00,0.00,M1650113431,0.00,0.00,0,0
1,PAYMENT,2610.01,C1528769018,58697.54,56087.54,M183155105,0.00,0.00,0,0
1,PAYMENT,5320.10,C1089930529,56087.54,50767.43,M2001115307,0.00,0.00,0,0
1,PAYMENT,1460.63,C1429483328,1132.00,0.00,M172794870,0.00,0.00,0,0
1,TRANSFER,522264.81,C1927963027,24.00,0.00,C1234776885,11361.00,2025098.66,0,0
1,DEBIT,3584.21,C833240229,135496.00,131911.79,C1330106945,100614.05,24044.18,0,0
1,PAYMENT,3704.97,C1167088639,24553.00,20848.03,M707531688,0.00,0.00,0,0
1,PAYMENT,2773.61,C191568263,14332.00,11558.39,M1799635803,0.00,0.00,0,0
1,PAYMENT,3896.42,C751608431,11558.39,7661.97,M1723290893,0.00,0.00,0,0
1,PAYMENT,18781.84,C893640573,7661.97,0.00,M2085886997,0.00,0.00,0,0
1,PAYMENT,6660.33,C893523498,17710.00,11049.67,M1770070706,0.00,0.00,0,0
1,TRANSFER,26923.42,C1108517064,11049.67,0.00,C1983747920,199404.91,95508.95,0,0
1,TRANSFER,53783.57,C511354923,0.00,0.00,C1899073220,75514.00,420946.86,0,0
1,TRANSFER,80333.28,C992743048,0.00,0.00,C1749186397,321592.98,277515.05,0,0
1,TRANSFER,211075.91,C1540894701,0.00,0.00,C564160838,930082.81,1254956.07,0,0
1,TRANSFER,100677.86,C203149502,0.00,0.00,C1531333864,701567.56,55974.56,0,0
1,TRANSFER,473499.51,C1198197478,0.00,0.00,C453211571,883248.39,3461666.05,0,0
1,TRANSFER,1538200.39,C476579021,0.00,0.00,C1590550415,6977445.38,19169204.93,0,0
1,TRANSFER,2421578.09,C106297322,0.00,0.00,C1590550415,8515645.77,19169204.93,0,0
1,TRANSFER,1349670.68,C1419332030,0.00,0.00,C665576141,1538085.96,5515763.34,0,0
1,TRANSFER,314403.14,C1262110193,0.00,0.00,C1789550256,888232.25,4619798.56,0,0
1,TRANSFER,1457213.54,C396918327,0.00,0.00,C1590550415,10937223.86,19169204.93,0,0
1,TRANSFER,180368.84,C1055601039,0.00,0.00,C1359044626,1437353.34,16518.36,0,0
1,TRANSFER,445038.71,C547441493,0.00,0.00,C1531333864,802245.42,55974.56,0,0
1,TRANSFER,1123206.66,C967677821,0.00,0.00,C451111351,1773963.18,3940085.21,0,0
1,DEBIT,996.00,C1839206329,46132.00,45136.00,C998351292,88106.55,1015132.48,0,0
1,TRANSFER,176334.26,C169880779,45136.00,0.00,C1286084959,1251626.46,2107778.11,0,0
1,TRANSFER,161217.61,C552674617,0.00,0.00,C909295153,199733.00,5602234.95,0,0
1,TRANSFER,108443.61,C1974622245,0.00,0.00,C240650537,246974.30,0.00,0,0
1,TRANSFER,75442.68,C402808045,0.00,0.00,C1318822808,80469.00,500631.71,0,0
1,TRANSFER,55536.86,C332365138,0.00,0.00,C392292416,915902.37,3420103.09,0,0
1,TRANSFER,438437.09,C977160959,0.00,0.00,C248609774,740675.45,6453430.91,0,0
1,TRANSFER,928722.69,C1563053805,0.00,0.00,C985934102,1259119.80,971418.91,0,0
1,TRANSFER,1478772.04,C1464177809,0.00,0.00,C1170794006,1652668.12,22190.99,0,0
1,TRANSFER,2545478.01,C1057507014,0.00,0.00,C1590550415,12394437.40,19169204.93,0,0
1,TRANSFER,2061082.82,C2007599722,0.00,0.00,C1590550415,14939915.42,19169204.93,0,0
1,TRANSFER,983479.66,C2029780820,0.00,0.00,C1170794006,3131440.16,22190.99,0,0
1,TRANSFER,635507.97,C65080774,0.00,0.00,C747464370,834457.23,1567434.81,0,0
1,TRANSFER,848231.57,C2116179210,0.00,0.00,C1170794006,4114919.82,22190.99,0,0
1,TRANSFER,739112.93,C1172535934,0.00,0.00,C564160838,1141158.73,1254956.07,0,0
1,TRANSFER,324397.94,C1648700617,0.00,0.00,C932583850,373058.79,2719172.89,0,0
1,TRANSFER,982862.81,C1765900922,0.00,0.00,C985934102,2187842.49,971418.91,0,0
1,TRANSFER,955855.00,C94830685,0.00,0.00,C248609774,1179112.54,6453430.91,0,0
1,TRANSFER,179253.24,C1539947037,0.00,0.00,C1870252780,179614.10,46462.23,0,0
1,PAYMENT,5446.88,C270661321,666.00,0.00,M1964434661,0.00,0.00,0,0
1,PAYMENT,648.64,C1217312754,873.00,224.36,M1585571244,0.00,0.00,0,0
1,PAYMENT,8494.71,C1099552523,11129.00,2634.29,M66724371,0.00,0.00,0,0
1,CASH_OUT,373068.26,C1047934137,20034.00,0.00,C1286084959,1427960.73,2107778.11,0,0
1,CASH_IN,143236.26,C1862994526,0.00,143236.26,C1688019098,608932.17,97263.78,0,0
1,CASH_IN,228451.89,C1614133563,143236.26,371688.15,C2083562754,719678.38,1186556.81,0,0
1,CASH_IN,35902.49,C839771540,371688.15,407590.65,C2001112025,49003.30,0.00,0,0
1,CASH_IN,232953.64,C1037163664,407590.65,640544.28,C33524623,1172672.27,1517262.16,0,0
1,CASH_IN,65912.95,C180316302,640544.28,706457.23,C1330106945,104198.26,24044.18,0,0
1,CASH_IN,193492.68,C1200546947,706457.23,899949.91,C1531333864,1247284.13,55974.56,0,0
1,CASH_IN,60836.64,C443713699,899949.91,960786.56,C488044861,143436.00,5203.54,0,0
1,CASH_IN,62325.15,C695530017,960786.56,1023111.71,C564160838,1880271.66,1254956.07,0,0
1,CASH_IN,349640.51,C1493042329,1023111.71,1372752.22,C909295153,360950.61,5602234.95,0,0
1,CASH_IN,135324.19,C1751403001,1372752.22,1508076.41,C453211571,1356747.89,3461666.05,0,0
1,CASH_IN,380015.14,C1717433286,1508076.41,1888091.55,C401424608,1336470.16,1178808.14,0,0
1,CASH_IN,418688.27,C1756819670,1888091.55,2306779.82,C401424608,956455.03,1178808.14,0,0
1,CASH_IN,311023.52,C1078262677,2306779.82,2617803.34,C766572210,1477776.96,0.00,0,0
1,CASH_IN,151862.38,C178604517,2617803.34,2769665.72,C920011586,158858.48,0.00,0,0
1,CASH_IN,228710.05,C57624756,2769665.72,2998375.78,C1297685781,743792.14,16997.22,0,0
1,CASH_IN,220431.09,C1543518287,2998375.78,3218806.87,C451111351,2897169.84,3940085.21,0,0
1,CASH_IN,182861.45,C998242313,3218806.87,3401668.32,C485041780,192776.92,0.00,0,0
1,CASH_IN,231881.50,C464872674,3401668.32,3633549.82,C1509514333,894141.72,2415.16,0,0
1,CASH_IN,38071.17,C1659286984,3633549.82,3671620.98,C601893033,122487.00,54985.05,0,0
1,CASH_IN,87117.29,C1064905627,3671620.98,3758738.27,C75457651,501093.89,31469.78,0,0
1,CASH_IN,114271.72,C2072130509,3758738.27,3873009.99,C985934102,3170705.30,971418.91,0,0
1,CASH_IN,73199.10,C1260440107,3873009.99,3946209.08,C1749186397,401926.25,277515.05,0,0
1,CASH_IN,764772.98,C482307698,3946209.08,4710982.07,C985934102,3056433.58,971418.91,0,0
1,CASH_IN,106847.36,C1793899405,4710982.07,4817829.42,C575335780,335711.51,52415.15,0,0
1,CASH_IN,6287.28,C1765702,4817829.42,4824116.71,C1651855867,11274.00,0.00,0,0
1,CASH_IN,24936.34,C1302725372,4824116.71,4849053.05,C660143728,104408.00,42450.71,0,0
1,CASH_IN,55837.16,C713898436,4849053.05,4904890.21,C100555887,66800.82,10963.66,0,0
1,CASH_IN,63255.29,C632475595,4904890.21,4968145.50,C1100439041,237735.30,0.00,0,0
1,CASH_IN,104605.78,C1920305914,4968145.50,5072751.28,C357863579,207302.14,92307.65,0,0
1,CASH_IN,154160.82,C263833514,5072751.28,5226912.10,C503195940,157376.00,0.00,0,0
1,CASH_IN,257348.03,C1278839936,5226912.10,5484260.13,C985934102,2291660.60,971418.91,0,0
1,CASH_IN,201073.81,C2143739483,5484260.13,5685333.94,C401424608,537766.76,1178808.14,0,0
1,CASH_IN,53560.68,C565881091,5685333.94,5738894.62,C1761291320,172857.68,22233.65,0,0
1,CASH_IN,334234.39,C1618984457,5738894.62,6073129.01,C1870252780,358867.35,46462.23,0,0
1,CASH_IN,227335.16,C1621254922,6073129.01,6300464.17,C564160838,1817946.50,1254956.07,0,0
1,CASH_IN,134426.08,C702500163,6300464.17,6434890.26,C575335780,228864.16,52415.15,0,0
1,CASH_IN,2643.45,C1574509514,6434890.26,6437533.71,C215145189,49974.00,1891.79,0,0
1,CASH_IN,134977.11,C1087072654,6437533.71,6572510.82,C1750905143,471814.89,424250.45,0,0
1,CASH_IN,25090.03,C864221358,6572510.82,6597600.85,C1282788025,80148.60,0.00,0,0
1,CASH_IN,147388.67,C1617174216,6597600.85,6744989.53,C824009085,184486.01,64106.18,0,0
1,CASH_IN,217615.09,C1979080261,6744989.53,6962604.61,C392292416,971439.24,3420103.09,0,0
1,CASH_IN,355294.50,C1860886124,6962604.61,7317899.11,C747464370,1469965.20,1567434.81,0,0
1,CASH_IN,12336.48,C1250499735,7317899.11,7330235.59,C990398217,21024.00,83845.22,0,0
1,CASH_IN,349505.89,C173791568,7330235.59,7679741.48,C1590550415,17000998.23,19169204.93,0,0
1,CASH_IN,285185.34,C1293462056,7679741.48,7964926.82,C1335050193,451065.09,353532.56,0,0
1,CASH_IN,132953.45,C1966670937,7964926.82,8097880.27,C1359044626,1617722.17,16518.36,0,0
1,CASH_IN,214851.41,C2002174925,8097880.27,8312731.68,C33524623,939718.63,1517262.16,0,0
1,CASH_IN,54988.56,C588449070,8312731.68,8367720.25,C11003494,60870.00,10588885.27,0,0
1,CASH_IN,62871.06,C735228558,8367720.25,8430591.30,C716157500,177707.91,4894.45,0,0
1,CASH_IN,61150.85,C376725601,8430591.30,8491742.16,C1360767589,1166393.13,2107965.39,0,0
1,CASH_IN,131409.27,C1476235721,8491742.16,8623151.43,C1068824137,290276.03,265092.36,0,0
1,CASH_IN,10844.33,C1828508781,8623151.43,8633995.76,C2083117811,42274.00,290772.60,0,0
1,PAYMENT,2054.84,C1376017854,22195.00,20140.16,M1732663543,0.00,0.00,0,0
1,CASH_IN,313373.56,C1552870927,20140.16,333513.72,C985934102,2034312.57,971418.91,0,0
1,CASH_IN,13289.87,C1448805967,333513.72,346803.59,C1225616405,78256.10,0.00,0,0
1,CASH_IN,27070.11,C641882263,346803.59,373873.70,C1568059495,70595.00,122750.49,0,0
1,CASH_IN,127954.70,C1930837320,373873.70,501828.40,C564160838,1590611.34,1254956.07,0,0
1,CASH_IN,197031.04,C1489193907,501828.40,698859.44,C1297685781,515082.09,16997.22,0,0
1,CASH_IN,144366.64,C1453606810,698859.44,843226.08,C985934102,1720939.01,971418.91,0,0
1,CASH_IN,7965.49,C1645624121,843226.08,851191.57,C195600860,35100.09,40348.79,0,0
1,CASH_IN,123103.74,C547923534,851191.57,974295.31,C736709391,541942.24,46820.71,0,0
1,CASH_IN,106634.77,C1660223291,974295.31,1080930.07,C1170794006,4963151.39,22190.99,0,0
1,CASH_IN,74933.22,C379124840,1080930.07,1155863.30,C1023714065,1312918.22,1412484.09,0,0
1,CASH_IN,120234.99,C1157943921,1155863.30,1276098.29,C977993101,194026.33,965870.05,0,0
1,CASH_IN,5763.99,C544966217,1276098.29,1281862.28,C1870252780,24632.95,46462.23,0,0
1,CASH_IN,156922.36,C1706272858,1281862.28,1438784.65,C665576141,2887756.64,5515763.34,0,0
1,CASH_IN,162665.98,C882471736,1438784.65,1601450.63,C1096283470,362164.90,0.00,0,0
1,CASH_IN,110226.34,C1475192960,1601450.63,1601450.63,C1816757085,1601450.63,10681238.79,0,0
1,CASH_IN,142577.44,C727197178,1601450.63,1744028.07,C1100439041,174480.01,0.00,0,0
1,CASH_IN,6915.38,C1406253491,1744028.07,1750943.45,C85777802,49685.00,0.00,0,0
1,CASH_IN,157108.01,C749604930,1750943.45,1908051.46,C985934102,1576572.37,971418.91,0,0
1,CASH_IN,223555.14,C373097727,1908051.46,2131606.60,C564160838,1462656.64,1254956.07,0,0
1,CASH_IN,146331.12,C2082509879,2131606.60,2277937.72,C1531333864,1053791.45,55974.56,0,0
1,CASH_IN,141131.23,C576894497,2277937.72,2419068.96,C985934102,1419464.36,971418.91,0,0
1,CASH_IN,222711.47,C2123533871,2419068.96,2641780.43,C1590550415,16651492.34,19169204.93,0,0
1,CASH_IN,84980.31,C16148478,2641780.43,2726760.74,C1335050193,165879.75,353532.56,0,0
1,CASH_IN,628719.07,C2022689531,2726760.74,3355479.81,C1359044626,1484768.73,16518.36,0,0
1,CASH_IN,79285.80,C1340848245,3355479.81,3434765.61,C1170794006,4856516.62,22190.99,0,0
1,CASH_IN,57809.81,C635610193,3434765.61,3492575.42,C1454031203,59666.00,0.00,0,0
1,CASH_IN,75043.17,C379121284,3492575.42,3567618.59,C1511785794,156547.00,0.00,0,0
1,CASH_IN,248196.92,C281421502,3567618.59,3815815.51,C1297685781,318051.05,16997.22,0,0
1,CASH_IN,18851.44,C50072771,3815815.51,3834666.95,C215145189,47330.55,1891.79,0,0
1,CASH_IN,403418.39,C848097505,3834666.95,4238085.34,C1286084959,1801028.99,2107778.11,0,0
1,CASH_IN,235564.81,C1672598778,4238085.34,4473650.15,C451111351,2676738.75,3940085.21,0,0
1,CASH_IN,32325.24,C1122233828,4473650.15,4505975.39,C1068824137,158866.76,265092.36,0,0
1,CASH_IN,345347.70,C538667887,4505975.39,4851323.08,C240650537,355417.92,0.00,0,0
1,CASH_IN,355500.25,C1967496309,4851323.08,5206823.33,C766572210,1166753.44,0.00,0,0
1,CASH_IN,103005.78,C406749219,5206823.33,5309829.12,C716157500,114836.85,4894.45,0,0
1,CASH_IN,108803.98,C1173340685,5309829.12,5418633.09,C766572210,811253.19,0.00,0,0
1,CASH_IN,259753.27,C1045731788,5418633.09,5678386.36,C1209271652,260112.48,0.00,0,0
1,CASH_IN,234094.24,C1739267143,5678386.36,5912480.60,C985934102,1278333.12,971418.91,0,0
1,CASH_IN,273305.73,C192456457,5912480.60,6185786.33,C1023714065,1237985.00,1412484.09,0,0
1,CASH_IN,186838.95,C817689537,6185786.33,6372625.28,C736709391,418838.50,46820.71,0,0
1,CASH_IN,193161.04,C708613859,6372625.28,6565786.32,C451111351,2441173.94,3940085.21,0,0
1,CASH_IN,152823.85,C365625031,6565786.32,6718610.17,C1789550256,1202635.39,4619798.56,0,0
1,CASH_IN,91457.82,C1531200408,6718610.17,6810067.99,C1509514333,662260.23,2415.16,0,0
1,CASH_IN,277807.48,C212963786,6810067.99,7087875.47,C1531333864,907460.33,55974.56,0,0
1,CASH_IN,8679.13,C1123321137,7087875.47,7096554.61,C575335780,94438.08,52415.15,0,0
1,CASH_IN,2099.59,C685934,7096554.61,7098654.20,C1854778591,40471.79,0.00,0,0
1,CASH_IN,221693.08,C2032909428,7098654.20,7320347.28,C1531333864,629652.85,55974.56,0,0
1,CASH_IN,206097.65,C2031377754,7320347.28,7526444.93,C564160838,1239101.50,1254956.07,0,0
1,CASH_IN,22384.21,C523211332,7526444.93,7548829.13,C459857341,42211.00,387263.02,0,0
1,CASH_IN,73210.99,C1280124872,7548829.13,7622040.12,C1435804085,79582.64,96.88,0,0
1,CASH_IN,236747.60,C1747053097,7622040.12,7858787.73,C757108857,390963.21,0.00,0,0
1,CASH_IN,6284.18,C864326906,7858787.73,7865071.90,C1749186397,328727.16,277515.05,0,0
1,CASH_IN,100198.77,C1348115836,7865071.90,7965270.68,C1750905143,336837.78,424250.45,0,0
1,CASH_IN,160347.32,C1972143064,7965270.68,8125617.99,C33524623,724867.22,1517262.16,0,0
1,CASH_IN,289272.75,C312168418,8125617.99,8414890.75,C75457651,413976.60,31469.78,0,0
1,CASH_IN,63189.26,C95369743,8414890.75,8478080.00,C1860513229,101925.00,0.00,0,0
1,CASH_IN,196725.32,C26928827,8478080.00,8674805.32,C451111351,2248012.90,3940085.21,0,0
1,PAYMENT,5882.32,C278476563,10252.00,4369.68,M1479909053,0.00,0.00,0,0
1,DEBIT,625.92,C615954678,30165.00,29539.08,C811587677,1042.00,0.00,0,0
1,PAYMENT,5937.72,C1926180325,21779.00,15841.28,M733461760,0.00,0.00,0,0
1,PAYMENT,9796.29,C1594039997,274658.00,264861.71,M1323531427,0.00,0.00,0,0
1,PAYMENT,13449.95,C1170788511,11080.00,0.00,M1400973979,0.00,0.00,0,0
1,PAYMENT,4749.60,C347091104,8038.00,3288.40,M1105416433,0.00,0.00,0,0
1,PAYMENT,6460.86,C1110195322,31009.00,24548.14,M404947798,0.00,0.00,0,0
1,PAYMENT,3605.26,C226690498,10120.00,6514.74,M1455204443,0.00,0.00,0,0
1,PAYMENT,624.61,C1976602906,52594.00,51969.39,M1978209605,0.00,0.00,0,0
1,PAYMENT,3854.92,C1624351535,9241.00,5386.08,M1394356510,0.00,0.00,0,0
1,TRANSFER,420532.33,C582300198,5386.08,0.00,C1971489295,614566.02,0.00,0,0
1,PAYMENT,4402.86,C533415944,4469.00,66.14,M1919834117,0.00,0.00,0,0
1,CASH_OUT,147804.02,C1086849943,66.14,0.00,C1182461167,158919.00,23508.22,0,0
1,PAYMENT,151.20,C1265053098,1904.00,1752.80,M246003654,0.00,0.00,0,0
1,PAYMENT,58.21,C235370598,14506.00,14447.79,M248710794,0.00,0.00,0,0
1,PAYMENT,5936.82,C2083217543,741.00,0.00,M1073741635,0.00,0.00,0,0
1,CASH_OUT,145944.67,C177104018,24376.00,0.00,C1123629720,222.00,46393.85,0,0
1,TRANSFER,7206.33,C478139423,24932.00,17725.67,C1032986144,21308.00,18161.79,0,0
1,DEBIT,5581.55,C997695567,530.00,0.00,C1282788025,55058.57,0.00,0,0
1,DEBIT,5853.21,C2066892165,5039.00,0.00,C662736689,20018.00,4891090.56,0,0
1,PAYMENT,2528.10,C48305285,5037.00,2508.90,M1625090026,0.00,0.00,0,0
1,PAYMENT,5655.17,C1714378342,9522.00,3866.83,M265824587,0.00,0.00,0,0
1,PAYMENT,1456.09,C93798665,101018.00,99561.91,M41092582,0.00,0.00,0,0
1,PAYMENT,4252.82,C519303080,5545.00,1292.18,M1345265484,0.00,0.00,0,0
1,TRANSFER,276460.62,C1871680329,595.00,0.00,C1360767589,1105242.28,2107965.39,0,0
1,PAYMENT,8811.67,C1976166251,30848.00,22036.33,M1950800085,0.00,0.00,0,0
1,PAYMENT,12666.68,C1547398254,891.00,0.00,M1337829755,0.00,0.00,0,0
1,CASH_OUT,95636.49,C1979055448,0.00,0.00,C1740000325,359141.70,1363368.51,0,0
1,CASH_OUT,195314.34,C934740803,0.00,0.00,C2083562754,491226.48,1186556.81,0,0
1,PAYMENT,6049.09,C812143047,1.00,0.00,M314364096,0.00,0.00,0,0
1,PAYMENT,14306.80,C1215951090,0.00,0.00,M1205559205,0.00,0.00,0,0
1,PAYMENT,1117.34,C894421232,35611.00,34493.66,M1098986569,0.00,0.00,0,0
1,DEBIT,3179.70,C1182311147,124703.85,121524.14,C1540270363,20767.00,0.00,0,0
1,PAYMENT,2880.68,C1531182070,121524.14,118643.46,M276869158,0.00,0.00,0,0
1,PAYMENT,3060.54,C1491860739,118643.46,115582.92,M1527214863,0.00,0.00,0,0
1,PAYMENT,879.42,C534753234,115582.92,114703.50,M172699023,0.00,0.00,0,0
1,PAYMENT,3486.78,C231725600,114703.50,111216.72,M1831882653,0.00,0.00,0,0
1,PAYMENT,21530.96,C259251414,111216.72,89685.77,M1552400354,0.00,0.00,0,0
1,PAYMENT,2426.31,C803893384,89685.77,87259.46,M1078566479,0.00,0.00,0,0
1,PAYMENT,5110.10,C1372422140,87259.46,82149.35,M819245704,0.00,0.00,0,0
1,PAYMENT,207.75,C1288108586,82149.35,81941.60,M1089584667,0.00,0.00,0,0
1,PAYMENT,18437.04,C2054757222,81941.60,63504.55,M1865201235,0.00,0.00,0,0
1,PAYMENT,8690.69,C348132918,63504.55,54813.86,M1493988307,0.00,0.00,0,0
1,PAYMENT,4946.03,C1805443519,54813.86,49867.83,M1636322481,0.00,0.00,0,0
1,PAYMENT,5432.09,C1978504976,49867.83,44435.75,M1338368149,0.00,0.00,0,0
1,PAYMENT,7649.41,C1129869771,44435.75,36786.34,M1620459733,0.00,0.00,0,0
1,PAYMENT,3943.17,C2044337856,36786.34,32843.16,M435914790,0.00,0.00,0,0
1,PAYMENT,3101.33,C422409467,32843.16,29741.84,M1273958371,0.00,0.00,0,0
1,TRANSFER,51719.13,C1659515968,882.00,0.00,C1629911510,59670.00,15375.37,0,0
1,PAYMENT,13465.91,C664091267,0.00,0.00,M1433208870,0.00,0.00,0,0
1,PAYMENT,19561.05,C1724814719,0.00,0.00,M1437988306,0.00,0.00,0,0
1,PAYMENT,9762.28,C1543146693,129.00,0.00,M1718322084,0.00,0.00,0,0
1,PAYMENT,9778.81,C1956415355,18824.00,9045.19,M251520863,0.00,0.00,0,0
1,CASH_OUT,562903.81,C24039137,9045.19,0.00,C33524623,564519.90,1517262.16,0,0
1,PAYMENT,5055.94,C992086987,30295.00,25239.06,M731243659,0.00,0.00,0,0
1,PAYMENT,2858.89,C1244867001,21820.00,18961.11,M1037955032,0.00,0.00,0,0
1,PAYMENT,8531.42,C369805307,18961.11,10429.69,M314562573,0.00,0.00,0,0
1,PAYMENT,84.22,C1100109058,25828.00,25743.78,M333693383,0.00,0.00,0,0
1,CASH_OUT,227478.01,C1394010463,25743.78,0.00,C1590550415,16428780.87,19169204.93,0,0
1,PAYMENT,5033.02,C1057307776,23946.70,18913.68,M1819038759,0.00,0.00,0,0
1,TRANSFER,100588.80,C1636588948,18913.68,0.00,C2050019814,105223.00,0.00,0,0
1,PAYMENT,9374.72,C95685867,21064.00,11689.28,M331596257,0.00,0.00,0,0
1,PAYMENT,598.24,C494953170,102631.00,102032.76,M509864971,0.00,0.00,0,0
1,PAYMENT,4531.55,C999647352,20125.00,15593.45,M911501858,0.00,0.00,0,0
1,PAYMENT,2998.20,C677120200,15593.45,12595.25,M694069884,0.00,0.00,0,0
1,PAYMENT,9269.99,C957923719,12595.25,3325.26,M747158012,0.00,0.00,0,0
1,PAYMENT,1209.64,C1692073709,3325.26,2115.61,M948675904,0.00,0.00,0,0
1,PAYMENT,1298.70,C1197498159,2115.61,816.91,M785271142,0.00,0.00,0,0
1,PAYMENT,7797.00,C500230084,816.91,0.00,M2023026843,0.00,0.00,0,0
1,PAYMENT,5831.03,C1028145537,0.00,0.00,M1628551735,0.00,0.00,0,0
1,PAYMENT,7067.90,C2078641942,0.00,0.00,M606775513,0.00,0.00,0,0
1,PAYMENT,14895.51,C1527882132,0.00,0.00,M935160003,0.00,0.00,0,0
1,PAYMENT,3316.21,C1626852381,0.00,0.00,M300604602,0.00,0.00,0,0
1,PAYMENT,22276.00,C1193398802,0.00,0.00,M453398853,0.00,0.00,0,0
1,PAYMENT,16505.51,C1171255580,0.00,0.00,M34073107,0.00,0.00,0,0
1,PAYMENT,636.95,C1275009283,0.00,0.00,M1658512704,0.00,0.00,0,0
1,PAYMENT,2056.59,C1478995734,0.00,0.00,M1699578227,0.00,0.00,0,0
1,PAYMENT,704.74,C1456061400,0.00,0.00,M1661777060,0.00,0.00,0,0
1,PAYMENT,3222.32,C104261836,0.00,0.00,M259630944,0.00,0.00,0,0
1,PAYMENT,11889.61,C351656492,0.00,0.00,M316335490,0.00,0.00,0,0
1,PAYMENT,9491.89,C597364637,0.00,0.00,M1637613097,0.00,0.00,0,0
1,PAYMENT,6131.21,C1527086220,0.00,0.00,M515273883,0.00,0.00,0,0
1,PAYMENT,11938.61,C1697281847,0.00,0.00,M1535026957,0.00,0.00,0,0
1,PAYMENT,4233.45,C737104370,0.00,0.00,M105966264,0.00,0.00,0,0
1,PAYMENT,32643.79,C821405322,0.00,0.00,M505231702,0.00,0.00,0,0
1,PAYMENT,622.15,C1328323494,14112.80,13490.65,M1311292881,0.00,0.00,0,0
1,PAYMENT,4573.12,C1408533352,13490.65,8917.54,M617928649,0.00,0.00,0,0
1,PAYMENT,6057.80,C252615006,6996.10,938.30,M79919963,0.00,0.00,0,0
1,PAYMENT,5770.32,C1943750504,938.30,0.00,M1907604549,0.00,0.00,0,0
1,PAYMENT,9152.97,C176955204,0.00,0.00,M353023213,0.00,0.00,0,0
1,DEBIT,12154.70,C1011044643,39699.00,27544.30,C451111351,2051287.58,3940085.21,0,0
1,PAYMENT,8378.01,C1358857082,80899.44,72521.43,M979550238,0.00,0.00,0,0
1,PAYMENT,9616.45,C2056234595,72521.43,62904.98,M1558395480,0.00,0.00,0,0
1,PAYMENT,2231.28,C2023917549,12998.00,10766.72,M1416415959,0.00,0.00,0,0
1,PAYMENT,4932.54,C1398260359,136555.00,131622.46,M371397455,0.00,0.00,0,0
1,CASH_IN,65413.89,C2052223881,131622.46,197036.35,C614685048,144605.00,0.00,0,0
1,CASH_IN,98560.08,C1213871206,197036.35,295596.43,C434091818,167719.89,63112.23,0,0
1,CASH_IN,15054.61,C628392976,295596.43,310651.04,C832279283,33340.00,185389.80,0,0
1,CASH_IN,161632.16,C725832346,310651.04,472283.20,C985934102,1044238.89,971418.91,0,0
1,CASH_IN,47529.19,C1113895488,472283.20,519812.39,C1359044626,856049.65,16518.36,0,0
1,CASH_IN,9577.45,C1527007086,519812.39,529389.85,C838411509,32204.00,22774.25,0,0
1,CASH_IN,414238.59,C1523649562,529389.85,943628.44,C1359044626,808520.46,16518.36,0,0
1,CASH_IN,89327.65,C1807176280,943628.44,1032956.09,C451111351,2063442.28,3940085.21,0,0
1,CASH_IN,194900.16,C203819996,1032956.09,1227856.25,C1262822392,8633995.76,12494367.15,0,0
1,CASH_IN,24470.43,C1977618945,1227856.25,1252326.68,C1360767589,1381702.90,2107965.39,0,0
1,CASH_IN,217668.38,C662925691,1252326.68,1469995.06,C476800120,347373.26,49864.36,0,0
1,CASH_IN,9067.51,C1995952705,1469995.06,1479062.57,C1182461167,306723.02,23508.22,0,0
1,CASH_IN,336827.91,C1244880808,1479062.57,1815890.48,C476402209,401493.73,51513.44,0,0
1,CASH_IN,45317.95,C1060519157,1815890.48,1861208.43,C2096057945,99578.86,0.00,0,0
1,CASH_IN,230021.01,C58890945,1861208.43,2091229.45,C1170794006,4777230.82,22190.99,0,0
1,CASH_IN,154578.28,C1269773610,2091229.45,2245807.73,C564160838,1033003.86,1254956.07,0,0
1,CASH_IN,314134.01,C464649704,2245807.73,2559941.74,C1509514333,570802.41,2415.16,0,0
1,CASH_IN,206405.92,C367967231,2559941.74,2766347.65,C453211571,1221423.70,3461666.05,0,0
1,CASH_IN,158995.29,C36531985,2766347.65,2925342.94,C1816757085,8674805.32,10681238.79,0,0
1,CASH_IN,188238.54,C815336475,2925342.94,3113581.47,C766572210,702449.21,0.00,0,0
1,CASH_IN,21255.80,C609483101,3113581.47,3134837.27,C1381128261,52109.00,0.00,0,0
1,CASH_IN,205955.77,C1149407083,3134837.27,3340793.04,C1688019098,465695.91,97263.78,0,0
1,CASH_IN,178370.36,C767436045,3340793.04,3519163.40,C1590550415,16656258.88,19169204.93,0,0
1,CASH_IN,42547.96,C1430199669,3519163.40,3561711.36,C673068808,59693.00,9672.67,0,0
1,CASH_IN,15152.15,C1847431070,3561711.36,3576863.51,C1262822392,8439095.60,12494367.15,0,0
1,CASH_IN,39249.67,C1043639521,3576863.51,3616113.18,C1225616405,64966.23,0.00,0,0
1,CASH_IN,101669.17,C1660837991,3616113.18,3717782.35,C1234776885,533625.81,2025098.66,0,0
1,CASH_IN,81694.11,C1325866488,3717782.35,3799476.47,C2083562754,686540.82,1186556.81,0,0
1,CASH_IN,10266.70,C1306794745,3799476.47,3809743.17,C1256728724,104323.00,69756.86,0,0
1,CASH_IN,35502.25,C1454171136,3809743.17,3845245.42,C1832580921,41159.00,0.00,0,0
1,CASH_IN,183250.00,C1195396074,3845245.42,4028495.42,C736709391,231999.55,46820.71,0,0
1,CASH_IN,219220.21,C811562535,4028495.42,4247715.63,C451111351,1974114.63,3940085.21,0,0
1,CASH_IN,254895.50,C1560379655,4247715.63,4502611.13,C1509514333,256668.41,2415.16,0,0
1,CASH_IN,143148.97,C1824322115,4502611.13,4645760.10,C1170794006,4547209.80,22190.99,0,0
1,CASH_IN,132457.52,C702999333,4645760.10,4778217.62,C1262822392,8423943.45,12494367.15,0,0
1,CASH_IN,148834.28,C1648582256,4778217.62,4927051.90,C766572210,514210.68,0.00,0,0
1,CASH_IN,106727.81,C865858182,4927051.90,5033779.71,C665576141,2730834.27,5515763.34,0,0
1,CASH_IN,223123.71,C951988316,5033779.71,5256903.42,C1359044626,394281.87,16518.36,0,0
1,CASH_IN,194311.34,C647973805,5256903.42,5451214.77,C33524623,1127423.71,1517262.16,0,0
1,CASH_IN,338964.91,C1591161296,5451214.77,5790179.68,C766572210,365376.39,0.00,0,0
1,CASH_IN,247575.40,C842331982,5790179.68,6037755.07,C1262822392,8291485.93,12494367.15,0,0
1,CASH_IN,29467.02,C2076249476,6037755.07,6067222.09,C1749186397,322442.98,277515.05,0,0
1,CASH_IN,90340.16,C660595570,6067222.09,6157562.25,C1590550415,16477888.52,19169204.93,0,0
1,CASH_IN,198847.32,C1088491512,6157562.25,6356409.58,C1023714065,964679.26,1412484.09,0,0
1,CASH_IN,155075.41,C1434066477,6356409.58,6511484.99,C1971489295,1035098.36,0.00,0,0
1,CASH_IN,76932.89,C648315947,6511484.99,6588417.88,C1023714065,765831.94,1412484.09,0,0
1,CASH_IN,92971.79,C2117642238,6588417.88,6681389.66,C796533847,111367.94,0.00,0,0
1,CASH_IN,7322.98,C913242382,6681389.66,6688712.64,C146305349,64966.00,57643.02,0,0
1,CASH_IN,222126.95,C870322840,6688712.64,6910839.59,C1286084959,1397610.60,2107778.11,0,0
1,CASH_IN,62983.91,C837246227,6910839.59,6973823.50,C1740000325,454778.18,1363368.51,0,0
1,CASH_IN,1271.77,C173738886,6973823.50,6975095.27,C932583850,697456.73,2719172.89,0,0
1,CASH_IN,246816.65,C1262237002,6975095.27,7221911.92,C33524623,933112.37,1517262.16,0,0
1,CASH_IN,21898.97,C2029754983,7221911.92,7243810.89,C747464370,1114670.70,1567434.81,0,0
1,CASH_IN,30811.56,C1946111918,7243810.89,7274622.45,C22805895,152178.00,651524.92,0,0
1,CASH_IN,100275.09,C564817260,7274622.45,7374897.54,C564160838,878425.58,1254956.07,0,0
1,CASH_IN,46630.53,C194415222,7374897.54,7421528.07,C2083562754,604846.71,1186556.81,0,0
1,CASH_IN,158775.58,C798622145,7421528.07,7580303.64,C1023714065,688899.05,1412484.09,0,0
1,CASH_IN,90556.08,C638695843,7580303.64,7670859.72,C288665596,186372.86,8496.61,0,0
1,CASH_IN,173948.89,C1411543296,7670859.72,7844808.61,C1740000325,391794.27,1363368.51,0,0
1,CASH_IN,66216.71,C1800967368,7844808.61,7911025.32,C97730845,117785.88,9940339.29,0,0
1,CASH_IN,216133.99,C338887787,7911025.32,8127159.31,C747464370,1092771.73,1567434.81,0,0
1,CASH_IN,371883.82,C1061448687,8127159.31,8499043.13,C1971489295,880022.94,0.00,0,0
1,CASH_IN,770537.37,C2015999862,8499043.13,8499043.13,C1883840933,8499043.13,16874643.09,0,0
1,CASH_IN,71275.47,C1467515503,8499043.13,8570318.60,C20671747,136084.66,43691.09,0,0
1,CASH_IN,336298.77,C1533330615,8570318.60,8906617.38,C1789550256,1049811.54,4619798.56,0,0
1,CASH_IN,317393.38,C1197721383,8906617.38,9224010.75,C1286084959,1175483.65,2107778.11,0,0
1,CASH_IN,181002.01,C1917082298,9224010.75,9405012.76,C1749186397,292975.96,277515.05,0,0
1,CASH_IN,311449.38,C1639765351,9405012.76,9716462.14,C1789550256,713512.77,4619798.56,0,0
1,CASH_IN,270824.42,C478209179,9716462.14,9987286.56,C1816757085,8515810.04,10681238.79,0,0
1,PAYMENT,1449.03,C1166230227,80983.00,79533.97,M365056339,0.00,0.00,0,0
1,PAYMENT,3551.48,C307411297,1015017.79,1011466.31,M166536076,0.00,0.00,0,0
1,CASH_OUT,227768.63,C1445424568,1011466.31,783697.68,C1023714065,530123.48,1412484.09,0,0
1,CASH_OUT,172986.70,C1374217958,783697.68,610710.98,C33524623,686295.71,1517262.16,0,0
1,PAYMENT,4940.20,C1459016715,48005.00,43064.80,M912747546,0.00,0.00,0,0
1,PAYMENT,2755.96,C1530957251,20987.00,18231.04,M1292472219,0.00,0.00,0,0
1,DEBIT,8807.01,C767511741,139428.00,130620.99,C20671747,64809.18,43691.09,0,0
1,DEBIT,3111.86,C548795052,64665.82,61553.96,C240650537,10070.22,0.00,0,0
1,PAYMENT,10040.52,C2143571436,61553.96,51513.44,M2117099736,0.00,0.00,0,0
1,DEBIT,5363.00,C691863815,21260.00,15897.00,C1321640594,24765.26,18910.85,0,0
1,PAYMENT,11990.19,C647149086,885.00,0.00,M2070160397,0.00,0.00,0,0
1,PAYMENT,266.88,C103787801,4182.00,3915.12,M1205580258,0.00,0.00,0,0
1,PAYMENT,1928.55,C1959451969,5096.00,3167.45,M777313177,0.00,0.00,0,0
1,PAYMENT,10648.06,C1441328175,37419.00,26770.94,M1327895505,0.00,0.00,0,0
1,PAYMENT,962.43,C1831141281,26770.94,25808.50,M1705277839,0.00,0.00,0,0
1,PAYMENT,8348.10,C2000648320,16583.00,8234.90,M142099757,0.00,0.00,0,0
1,PAYMENT,6969.67,C1114335860,61091.00,54121.33,M80026551,0.00,0.00,0,0
1,TRANSFER,20128.00,C137533655,20128.00,0.00,C1848415041,0.00,0.00,1,0
1,CASH_OUT,20128.00,C1118430673,20128.00,0.00,C339924917,6268.00,12145.85,1,0
1,PAYMENT,154.87,C1527254842,9339.00,9184.13,M2000469839,0.00,0.00,0,0
1,DEBIT,4040.84,C1800693087,1938.00,0.00,C1825027294,51339.00,36757.68,0,0
1,PAYMENT,6490.17,C1717473929,548504.00,542013.83,M2100572327,0.00,0.00,0,0
1,PAYMENT,1101.09,C1868578441,30858.00,29756.91,M659996839,0.00,0.00,0,0
1,DEBIT,4347.78,C890160158,20766.00,16418.22,C1531333864,407959.76,55974.56,0,0
1,CASH_OUT,213922.13,C1768127248,16418.22,0.00,C1234776885,431956.63,2025098.66,0,0
1,CASH_OUT,83859.59,C119112899,0.00,0.00,C1590550415,16387548.36,19169204.93,0,0
1,CASH_OUT,33269.25,C375074687,0.00,0.00,C1629911510,111389.13,15375.37,0,0
1,CASH_OUT,51749.94,C1429616542,0.00,0.00,C297927961,62470.00,132842.64,0,0
1,CASH_OUT,86410.30,C662666707,0.00,0.00,C1023714065,757892.11,1412484.09,0,0
1,CASH_OUT,10856.63,C1821100643,0.00,0.00,C1740000325,217845.38,1363368.51,0,0
1,CASH_OUT,161613.93,C593768538,0.00,0.00,C1789550256,402063.39,4619798.56,0,0
1,CASH_OUT,244361.81,C1191864687,0.00,0.00,C33524623,859282.41,1517262.16,0,0
1,CASH_OUT,596617.87,C466032056,0.00,0.00,C1234776885,645878.76,2025098.66,0,0
1,CASH_OUT,108600.78,C690822257,0.00,0.00,C1810132623,146488.24,97128.19,0,0
1,CASH_OUT,377520.94,C726212590,0.00,0.00,C1789550256,563677.32,4619798.56,0,0
1,CASH_OUT,60758.42,C1058822905,0.00,0.00,C1318822808,155911.68,500631.71,0,0
1,CASH_OUT,86204.31,C475394679,0.00,0.00,C1789550256,941198.26,4619798.56,0,0
1,CASH_OUT,1234.00,C1574615832,0.00,0.00,C1983025922,29906.00,7550.03,0,0
1,CASH_OUT,18288.91,C1049590050,0.00,0.00,C1286084959,858090.28,2107778.11,0,0
1,CASH_OUT,248979.22,C1662592920,0.00,0.00,C33524623,1103644.22,1517262.16,0,0
1,CASH_OUT,126774.50,C1357686726,0.00,0.00,C1234776885,1242496.63,2025098.66,0,0
1,CASH_OUT,38428.19,C1491522744,0.00,0.00,C1568059495,43524.89,122750.49,0,0
1,CASH_OUT,109732.52,C501608687,0.00,0.00,C1816757085,8244985.62,10681238.79,0,0
1,CASH_OUT,17851.54,C929706284,0.00,0.00,C824208363,32353.00,0.00,0,0
1,CASH_OUT,5223.97,C42820240,0.00,0.00,C1122805102,10429.69,23568.91,0,0
1,CASH_OUT,63807.17,C1822434669,0.00,0.00,C2083562754,558216.18,1186556.81,0,0
1,CASH_OUT,406297.68,C1592840862,0.00,0.00,C985934102,882606.73,971418.91,0,0
1,PAYMENT,4779.93,C955611965,121.00,0.00,M1367672657,0.00,0.00,0,0
1,TRANSFER,16631.14,C1021565761,0.00,0.00,C998351292,89102.55,1015132.48,0,0
1,PAYMENT,2771.16,C1692375649,60721.00,57949.84,M2002790740,0.00,0.00,0,0
1,PAYMENT,3154.06,C237373286,24239.00,21084.94,M742255664,0.00,0.00,0,0
1,PAYMENT,7813.63,C883521348,21084.94,13271.31,M1115013644,0.00,0.00,0,0
1,PAYMENT,360.13,C2086068243,38939.00,38578.87,M1070194629,0.00,0.00,0,0
1,CASH_OUT,431381.17,C1076202543,40481.00,0.00,C306206744,55566.00,3554299.27,0,0
1,TRANSFER,43670.84,C749486981,0.00,0.00,C885951223,79331.08,215851.28,0,0
1,PAYMENT,7342.63,C1731295355,19443.00,12100.37,M385332399,0.00,0.00,0,0
1,PAYMENT,7417.09,C2061440682,843.00,0.00,M883020319,0.00,0.00,0,0
1,PAYMENT,8865.26,C1488946768,84415.83,75550.57,M1942356772,0.00,0.00,0,0
1,CASH_OUT,213490.87,C1907241392,75550.57,0.00,C1971489295,508139.13,0.00,0,0
1,PAYMENT,7444.40,C1269118128,31902.57,24458.17,M1863100050,0.00,0.00,0,0
1,CASH_OUT,287265.38,C739264372,24458.17,0.00,C306206744,486947.17,3554299.27,0,0
1,CASH_OUT,416001.33,C749981943,0.00,0.00,C667346055,102.00,9291619.62,1,0
1,PAYMENT,6432.26,C1313960293,0.00,0.00,M1155757579,0.00,0.00,0,0
1,PAYMENT,8690.86,C1785111044,29772.00,21081.14,M1482748887,0.00,0.00,0,0
1,PAYMENT,3791.28,C494894055,32463.00,28671.72,M1123226989,0.00,0.00,0,0
1,PAYMENT,4111.34,C500885941,128052.00,123940.66,M1115381650,0.00,0.00,0,0
1,PAYMENT,7163.90,C616412281,114219.94,107056.04,M2118096382,0.00,0.00,0,0
1,PAYMENT,6557.51,C878861517,107056.04,100498.52,M746394140,0.00,0.00,0,0
1,PAYMENT,17348.25,C1705665942,100498.52,83150.27,M1731763384,0.00,0.00,0,0
1,PAYMENT,1586.28,C1100619942,83150.27,81564.00,M87242619,0.00,0.00,0,0
1,PAYMENT,6811.97,C864248990,81564.00,74752.02,M285074186,0.00,0.00,0,0
1,PAYMENT,36651.07,C15892131,74752.02,38100.95,M484841769,0.00,0.00,0,0
1,PAYMENT,4804.68,C879311295,38100.95,33296.27,M1274247563,0.00,0.00,0,0
1,PAYMENT,19375.50,C1483145520,33296.27,13920.76,M1961129028,0.00,0.00,0,0
1,PAYMENT,13833.75,C163385254,13920.76,87.01,M1506938939,0.00,0.00,0,0
1,PAYMENT,21008.52,C970781872,87.01,0.00,M1850597787,0.00,0.00,0,0
1,PAYMENT,22043.92,C258737099,0.00,0.00,M1190566357,0.00,0.00,0,0
1,PAYMENT,32635.14,C407997647,0.00,0.00,M428996455,0.00,0.00,0,0
1,PAYMENT,11438.39,C1988939205,0.00,0.00,M80141040,0.00,0.00,0,0
1,PAYMENT,13527.16,C275056979,0.00,0.00,M106557175,0.00,0.00,0,0
1,PAYMENT,11881.78,C371976476,0.00,0.00,M612937843,0.00,0.00,0,0
1,PAYMENT,9805.46,C480184864,0.00,0.00,M1433956626,0.00,0.00,0,0
1,PAYMENT,9470.85,C483525032,0.00,0.00,M2109219177,0.00,0.00,0,0
1,PAYMENT,20560.86,C429058804,0.00,0.00,M259319861,0.00,0.00,0,0
1,PAYMENT,13679.84,C52913970,0.00,0.00,M1059634518,0.00,0.00,0,0
1,PAYMENT,15448.00,C836969741,0.00,0.00,M436094532,0.00,0.00,0,0
1,PAYMENT,1987.40,C567852222,0.00,0.00,M1541433310,0.00,0.00,0,0
1,PAYMENT,4145.04,C1938025186,97168.00,93022.96,M405036720,0.00,0.00,0,0
1,PAYMENT,3511.45,C2088582214,11310.00,7798.55,M620456576,0.00,0.00,0,0
1,PAYMENT,1118.10,C1220759559,9041.00,7922.90,M1923634801,0.00,0.00,0,0
1,PAYMENT,15.06,C1730337646,204682.00,204666.94,M418513504,0.00,0.00,0,0
1,CASH_IN,352568.35,C1256405521,9945.00,362513.35,C665576141,2624106.46,5515763.34,0,0
1,PAYMENT,3043.27,C2051598050,36369.00,33325.73,M188791662,0.00,0.00,0,0
1,PAYMENT,9758.09,C61426020,21217.00,11458.91,M1347016882,0.00,0.00,0,0
1,PAYMENT,5924.89,C1829460911,1518.00,0.00,M1662912171,0.00,0.00,0,0
1,PAYMENT,9550.43,C708153797,4021.00,0.00,M883380345,0.00,0.00,0,0
1,PAYMENT,4355.66,C54960993,120.00,0.00,M276748028,0.00,0.00,0,0
1,DEBIT,6973.12,C373544591,50015.00,43041.88,C1568059495,81953.08,122750.49,0,0
1,PAYMENT,2358.63,C409565350,70824.00,68465.37,M771923297,0.00,0.00,0,0
1,DEBIT,374.36,C1210939243,15237.00,14862.64,C1335050193,62904.98,353532.56,0,0
1,PAYMENT,8946.63,C1079125839,95066.00,86119.37,M321772459,0.00,0.00,0,0
1,PAYMENT,20573.40,C696165690,24641.00,4067.60,M181078353,0.00,0.00,0,0
1,PAYMENT,8358.12,C1542598424,293.00,0.00,M645875534,0.00,0.00,0,0
1,PAYMENT,1006.76,C2054451662,696008.00,695001.24,M673672784,0.00,0.00,0,0
1,PAYMENT,10498.05,C1659309731,16730.00,6231.95,M1056862342,0.00,0.00,0,0
1,TRANSFER,463722.76,C1734184086,349.00,0.00,C832279283,18285.39,185389.80,0,0
1,TRANSFER,138857.19,C1947941827,109473.00,0.00,C1789550256,1027402.57,4619798.56,0,0
1,PAYMENT,5184.90,C785625589,283509.00,278324.10,M1667534569,0.00,0.00,0,0
1,PAYMENT,3626.96,C1758893871,23506.00,19879.04,M1170111701,0.00,0.00,0,0
1,PAYMENT,282.42,C1985028494,30603.00,30320.58,M830863979,0.00,0.00,0,0
1,DEBIT,8703.54,C1832283291,137782.00,129078.46,C1335050193,63279.34,353532.56,0,0
1,PAYMENT,3673.10,C1532554556,30507.00,26833.90,M620423816,0.00,0.00,0,0
1,PAYMENT,9800.58,C976358110,12617.16,2816.58,M1690233783,0.00,0.00,0,0
1,CASH_OUT,88987.11,C2014563089,2816.58,0.00,C932583850,696184.96,2719172.89,0,0
1,PAYMENT,4227.19,C198098993,36054.00,31826.81,M553672556,0.00,0.00,0,0
1,PAYMENT,2881.51,C854653864,90250.00,87368.49,M1415439780,0.00,0.00,0,0
1,PAYMENT,4376.46,C703555670,9809.00,5432.54,M179808568,0.00,0.00,0,0
1,PAYMENT,11656.12,C1068445309,10181.00,0.00,M73698537,0.00,0.00,0,0
1,TRANSFER,345698.98,C1453062635,40419.00,0.00,C997608398,20489.94,157982.12,0,0
1,PAYMENT,3292.21,C1632789609,20484.00,17191.79,M659059448,0.00,0.00,0,0
1,PAYMENT,7367.06,C124494140,14528.00,7160.94,M246826139,0.00,0.00,0,0
1,PAYMENT,2937.34,C2083854344,19703.00,16765.66,M403598020,0.00,0.00,0,0
1,DEBIT,1150.14,C1119242936,21634.00,20483.86,C1122805102,15653.66,23568.91,0,0
1,PAYMENT,3563.36,C2123914473,185397.00,181833.64,M708443754,0.00,0.00,0,0
1,PAYMENT,2380.46,C1091234211,101428.00,99047.54,M832145584,0.00,0.00,0,0
1,PAYMENT,2266.02,C224060798,64757.92,62491.91,M1752535057,0.00,0.00,0,0
1,TRANSFER,32132.45,C2116299597,62491.91,30359.46,C1466073198,59605.00,0.00,0,0
1,TRANSFER,51627.39,C50720817,30359.46,0.00,C1526298704,81243.00,32092.07,0,0
1,TRANSFER,62073.54,C1496220730,0.00,0.00,C1740000325,228702.01,1363368.51,0,0
1,TRANSFER,13614.91,C488600086,0.00,0.00,C380242442,30195.00,0.00,0,0
1,TRANSFER,2290.73,C1111379131,0.00,0.00,C660143728,79471.66,42450.71,0,0
1,TRANSFER,637161.00,C1846982837,0.00,0.00,C1789550256,1166259.76,4619798.56,0,0
1,TRANSFER,639378.37,C1135935001,0.00,0.00,C392292416,753824.15,3420103.09,0,0
1,TRANSFER,34390.85,C635288507,0.00,0.00,C1291286504,90214.97,66575.50,0,0
1,TRANSFER,1867849.02,C355885103,0.00,0.00,C665576141,2271538.11,5515763.34,0,0
1,TRANSFER,1193410.46,C1321115948,0.00,0.00,C1590550415,16471407.95,19169204.93,0,0
1,TRANSFER,348186.20,C706665172,0.00,0.00,C306206744,774212.55,3554299.27,0,0
1,TRANSFER,1440296.14,C1649847375,0.00,0.00,C1590550415,17664818.40,19169204.93,0,0
1,TRANSFER,799483.57,C1153933106,0.00,0.00,C306206744,1122398.75,3554299.27,0,0
1,TRANSFER,969631.31,C2144067911,0.00,0.00,C248609774,2134967.54,6453430.91,0,0
1,TRANSFER,483544.30,C593447952,0.00,0.00,C1286084959,876379.19,2107778.11,0,0
1,TRANSFER,326349.91,C1950136544,0.00,0.00,C564160838,778150.49,1254956.07,0,0
1,DEBIT,7546.88,C209360730,51368.00,43821.12,C1259769769,11353.00,252055.24,0,0
1,PAYMENT,2469.75,C740007499,43821.12,41351.37,M1971152916,0.00,0.00,0,0
1,DEBIT,1741.24,C1687627235,80942.00,79200.76,C997608398,366188.92,157982.12,0,0
1,PAYMENT,553.25,C1007660652,7522.00,6968.75,M1276544608,0.00,0.00,0,0
1,PAYMENT,6606.31,C1387620926,6968.75,362.44,M265348534,0.00,0.00,0,0
1,PAYMENT,2075.94,C1324173038,110403.00,108327.06,M917568725,0.00,0.00,0,0
1,TRANSFER,84212.94,C1336775847,53199.00,0.00,C13329486,0.00,84212.94,0,0
1,CASH_OUT,312108.51,C1196963249,0.00,0.00,C1262822392,8043910.53,12494367.15,0,0
1,PAYMENT,1647.93,C1663488386,70889.00,69241.07,M1380044647,0.00,0.00,0,0
1,PAYMENT,3533.32,C1902801188,38211.00,34677.68,M1998137093,0.00,0.00,0,0
1,PAYMENT,7659.86,C577127077,544.00,0.00,M2122357625,0.00,0.00,0,0
1,PAYMENT,7203.07,C1556162268,290775.55,283572.48,M1650332494,0.00,0.00,0,0
1,CASH_OUT,116206.75,C1924990666,283572.48,167365.73,C1318822808,216670.10,500631.71,0,0
1,CASH_OUT,30331.38,C144445623,167365.73,137034.36,C998351292,105733.69,1015132.48,0,0
1,PAYMENT,2063.77,C1572745406,16064.00,14000.23,M1340644388,0.00,0.00,0,0
1,PAYMENT,3035.35,C1434015813,26657.00,23621.65,M1023996917,0.00,0.00,0,0
1,CASH_OUT,123797.10,C295640874,23621.65,0.00,C557041912,153674.01,557537.26,0,0
1,DEBIT,8233.25,C438151297,7024.00,0.00,C846947180,14673.00,12901.08,0,0
1,PAYMENT,2271.34,C96039159,31346.00,29074.66,M2144644334,0.00,0.00,0,0
1,PAYMENT,3801.74,C375097969,73616.20,69814.46,M1635082651,0.00,0.00,0,0
1,PAYMENT,1530.83,C788892554,69814.46,68283.63,M1970073944,0.00,0.00,0,0
1,PAYMENT,4833.96,C1060042118,41005.00,36171.04,M1964847681,0.00,0.00,0,0
1,PAYMENT,5842.61,C1992801971,40.00,0.00,M1681094402,0.00,0.00,0,0
1,PAYMENT,2871.89,C754527431,653.00,0.00,M820677667,0.00,0.00,0,0
1,DEBIT,5297.36,C2064883371,82134.00,76836.64,C655381473,31443.78,189534.74,0,0
1,TRANSFER,621561.65,C82275756,123122.00,0.00,C1782113663,0.00,3997768.55,0,0
1,PAYMENT,829.07,C1629353699,11199.00,10369.93,M99808631,0.00,0.00,0,0
1,PAYMENT,3418.07,C1651754404,260.00,0.00,M1564892747,0.00,0.00,0,0
1,CASH_OUT,41924.75,C1407324654,0.00,0.00,C1526298704,132870.39,32092.07,0,0
1,CASH_OUT,173597.57,C1101598632,0.00,0.00,C248609774,3104598.86,6453430.91,0,0
1,CASH_OUT,77642.84,C1032568028,0.00,0.00,C667346055,416103.33,9291619.62,0,0
1,CASH_OUT,144964.23,C1380976928,0.00,0.00,C932583850,785172.07,2719172.89,0,0
1,CASH_OUT,94038.90,C293474277,0.00,0.00,C998351292,136065.07,1015132.48,0,0
1,CASH_OUT,26051.33,C413373997,0.00,0.00,C215145189,28479.11,1891.79,0,0
1,CASH_OUT,134143.27,C2024711353,0.00,0.00,C451111351,1754894.42,3940085.21,0,0
1,CASH_OUT,497424.19,C711310213,0.00,0.00,C932583850,930136.30,2719172.89,0,0
1,CASH_OUT,607616.73,C1267042315,0.00,0.00,C1286084959,1359923.49,2107778.11,0,0
1,CASH_OUT,681093.57,C1335061928,0.00,0.00,C1023714065,844302.40,1412484.09,0,0
1,CASH_OUT,114057.61,C1108706191,0.00,0.00,C932583850,1427560.49,2719172.89,0,0
1,CASH_OUT,205279.62,C1160487387,0.00,0.00,C932583850,1541618.10,2719172.89,0,0
1,CASH_OUT,173512.93,C579447973,0.00,0.00,C1816757085,8354718.14,10681238.79,0,0
1,CASH_OUT,166817.98,C1990421361,0.00,0.00,C1971489295,721630.00,0.00,0,0
1,CASH_OUT,113283.13,C407148497,0.00,0.00,C885951223,123001.91,215851.28,0,0
1,CASH_OUT,179030.05,C16373883,0.00,0.00,C1360767589,1357232.47,2107965.39,0,0
1,CASH_OUT,94332.00,C1878700101,0.00,0.00,C1782113663,621561.65,3997768.55,0,0
1,CASH_OUT,141111.15,C40875560,0.00,0.00,C2083562754,622023.34,1186556.81,0,0
1,CASH_OUT,45756.23,C1042891691,0.00,0.00,C392292416,1393202.52,3420103.09,0,0
1,CASH_OUT,6039.61,C1893563925,0.00,0.00,C1653844940,31164.00,37203.61,0,0
1,CASH_OUT,46261.02,C1251967187,0.00,0.00,C575335780,85758.95,52415.15,0,0
1,CASH_OUT,312471.16,C901689694,0.00,0.00,C1789550256,1803420.75,4619798.56,0,0
1,CASH_OUT,195490.04,C1107204185,0.00,0.00,C564160838,1104500.40,1254956.07,0,0
1,CASH_OUT,107308.84,C1523084197,0.00,0.00,C1291286504,124605.82,66575.50,0,0
1,CASH_OUT,48252.82,C1818747191,0.00,0.00,C451111351,1889037.69,3940085.21,0,0
1,CASH_OUT,25674.03,C747870628,0.00,0.00,C597190999,30563.00,6830.83,0,0
1,CASH_OUT,63830.49,C421191743,0.00,0.00,C1531333864,412307.54,55974.56,0,0
1,CASH_OUT,96178.80,C9844218,0.00,0.00,C1749186397,111973.96,277515.05,0,0
1,CASH_OUT,155122.86,C1403716230,0.00,0.00,C997608398,367930.17,157982.12,0,0
1,CASH_OUT,171757.76,C1673916398,0.00,0.00,C2050019814,205811.80,0.00,0,0
1,CASH_OUT,8809.04,C756080817,0.00,0.00,C1740000325,137034.36,1363368.51,0,0
1,CASH_OUT,27320.20,C479734028,0.00,0.00,C614685048,79191.11,0.00,0,0
1,CASH_OUT,517915.91,C388802347,0.00,0.00,C1170794006,4404060.84,22190.99,0,0
1,CASH_OUT,34629.16,C1541046463,0.00,0.00,C1860513229,38735.74,0.00,0,0
1,CASH_OUT,94296.25,C1910896157,0.00,0.00,C401424608,336692.95,1178808.14,0,0
1,CASH_OUT,285360.06,C753426788,0.00,0.00,C1782113663,715893.66,3997768.55,0,0
1,CASH_OUT,161445.91,C1586470445,0.00,0.00,C557041912,277471.11,557537.26,0,0
1,CASH_OUT,386683.04,C1373577787,0.00,0.00,C33524623,1352623.44,1517262.16,0,0
1,CASH_OUT,169854.57,C265577219,0.00,0.00,C1816757085,8528231.07,10681238.79,0,0
1,CASH_OUT,126167.70,C1624817884,0.00,0.00,C248609774,3278196.43,6453430.91,0,0
1,CASH_OUT,152757.58,C1107579932,0.00,0.00,C1262822392,8356019.04,12494367.15,0,0
1,CASH_OUT,49661.18,C1784834205,0.00,0.00,C451111351,1937290.51,3940085.21,0,0
1,CASH_OUT,73513.50,C1174586025,0.00,0.00,C1750905143,236639.00,424250.45,0,0
1,CASH_OUT,166335.32,C1627010197,0.00,0.00,C33524623,1739306.48,1517262.16,0,0
1,CASH_OUT,234268.82,C4073506,0.00,0.00,C1750905143,310152.51,424250.45,0,0
1,CASH_OUT,306280.12,C2044825144,0.00,0.00,C1360767589,1536262.52,2107965.39,0,0
1,CASH_OUT,194620.68,C698747943,0.00,0.00,C453211571,610710.98,3461666.05,0,0
1,CASH_OUT,128278.74,C407493402,0.00,0.00,C1262822392,8508776.62,12494367.15,0,0
1,CASH_OUT,256773.54,C1774690057,0.00,0.00,C1971489295,888447.97,0.00,0,0
1,CASH_OUT,105759.12,C480402503,0.00,0.00,C1318822808,332876.84,500631.71,0,0
1,CASH_OUT,59390.46,C100445376,0.00,0.00,C977993101,73791.34,965870.05,0,0
1,CASH_OUT,131991.26,C1396385390,0.00,0.00,C1971489295,1145221.51,0.00,0,0
1,CASH_OUT,65025.30,C114414807,0.00,0.00,C977993101,133181.81,965870.05,0,0
1,CASH_OUT,82054.36,C144699438,0.00,0.00,C1526298704,174795.14,32092.07,0,0
1,CASH_OUT,69708.79,C1751500625,0.00,0.00,C1335050193,71982.88,353532.56,0,0
1,CASH_OUT,9104.26,C1650955365,0.00,0.00,C990355670,10623.00,19727.26,0,0
1,CASH_OUT,92553.64,C1788380050,0.00,0.00,C1182461167,297655.51,23508.22,0,0
1,CASH_OUT,66312.08,C493944943,0.00,0.00,C1750905143,544421.33,424250.45,0,0
1,CASH_OUT,142282.63,C1533547487,0.00,0.00,C453211571,805331.66,3461666.05,0,0
1,CASH_OUT,114499.14,C99770475,0.00,0.00,C1899073220,129297.57,420946.86,0,0
1,CASH_OUT,76635.24,C727250772,0.00,0.00,C357863579,102696.35,92307.65,0,0
1,CASH_OUT,132574.00,C1052768296,0.00,0.00,C977993101,198207.11,965870.05,0,0
1,CASH_OUT,39485.21,C626193099,0.00,0.00,C1883840933,9987286.56,16874643.09,0,0
1,CASH_OUT,236825.42,C859123506,0.00,0.00,C1899073220,243796.70,420946.86,0,0
1,CASH_OUT,327066.19,C1597742167,0.00,0.00,C453211571,947614.29,3461666.05,0,0
1,CASH_OUT,156819.60,C503595296,0.00,0.00,C1318822808,438635.96,500631.71,0,0
1,CASH_OUT,13136.44,C754072705,0.00,0.00,C1023714065,1525395.97,1412484.09,0,0
1,PAYMENT,4306.89,C908384914,256849.49,252542.60,M905847077,0.00,0.00,0,0
1,PAYMENT,8309.52,C156199931,252542.60,244233.08,M878991463,0.00,0.00,0,0
1,PAYMENT,5363.35,C612693043,81503.83,76140.48,M1622613647,0.00,0.00,0,0
1,PAYMENT,132.42,C307605969,76140.48,76008.06,M73688220,0.00,0.00,0,0
1,PAYMENT,19644.08,C130166095,76008.06,56363.98,M1599674462,0.00,0.00,0,0
1,PAYMENT,895.24,C1623060829,56363.98,55468.74,M1205483858,0.00,0.00,0,0
1,PAYMENT,7641.08,C1373949107,55468.74,47827.66,M1189651769,0.00,0.00,0,0
1,PAYMENT,31188.22,C1230013344,47827.66,16639.44,M1607869297,0.00,0.00,0,0
1,PAYMENT,13954.75,C681639276,16639.44,2684.69,M727860268,0.00,0.00,0,0
1,PAYMENT,10497.33,C1717739363,2684.69,0.00,M138536309,0.00,0.00,0,0
1,PAYMENT,5843.75,C665137804,0.00,0.00,M509559152,0.00,0.00,0,0
1,PAYMENT,7260.20,C1815370847,0.00,0.00,M1801021153,0.00,0.00,0,0
1,PAYMENT,10285.86,C1709578324,0.00,0.00,M22446425,0.00,0.00,0,0
1,PAYMENT,6249.78,C1338958728,0.00,0.00,M1870723838,0.00,0.00,0,0
1,PAYMENT,848.74,C988904418,0.00,0.00,M261650860,0.00,0.00,0,0
1,PAYMENT,6993.70,C938613108,0.00,0.00,M1598898814,0.00,0.00,0,0
1,PAYMENT,795.29,C1850874910,10360.00,9564.71,M575360353,0.00,0.00,0,0
1,PAYMENT,9191.46,C97901029,0.00,0.00,M809383315,0.00,0.00,0,0
1,CASH_OUT,132038.41,C1324514662,0.00,0.00,C998351292,230103.96,1015132.48,0,0
1,PAYMENT,6495.27,C908722588,22040.00,15544.73,M496757837,0.00,0.00,0,0
1,PAYMENT,1679.68,C1548271808,15544.73,13865.06,M17600354,0.00,0.00,0,0
1,TRANSFER,47477.97,C1733056574,6066.00,0.00,C1629911510,144658.38,15375.37,0,0
1,DEBIT,1260.62,C636959006,1483.00,222.38,C1686100174,10086.00,9837.06,0,0
1,PAYMENT,15034.23,C1059300256,40458.00,25423.77,M1521568953,0.00,0.00,0,0
1,PAYMENT,3238.39,C1605988985,28773.00,25534.61,M1134202713,0.00,0.00,0,0
1,CASH_OUT,251241.14,C1636178473,25534.61,0.00,C997608398,523053.03,157982.12,0,0
1,PAYMENT,3644.12,C822232612,1230.00,0.00,M633131207,0.00,0.00,0,0
1,CASH_OUT,283123.48,C852190062,497409.00,214285.52,C1831477404,16872.00,247063.16,0,0
1,PAYMENT,2851.83,C1674403916,10646.00,7794.17,M1088239991,0.00,0.00,0,0
1,CASH_IN,94726.64,C61137731,69854.13,164580.77,C476800120,129704.88,49864.36,0,0
1,PAYMENT,17020.69,C1780293706,164580.77,147560.08,M1658511941,0.00,0.00,0,0
1,PAYMENT,6523.19,C1264941544,147560.08,141036.89,M1878992188,0.00,0.00,0,0
1,PAYMENT,1383.56,C1818449913,5309.00,3925.44,M1495161082,0.00,0.00,0,0
1,DEBIT,1580.66,C961859592,31156.00,29575.34,C1556995360,12298.00,0.00,0,0
1,PAYMENT,2466.95,C798278875,34978.24,32511.29,M1497268815,0.00,0.00,0,0
1,PAYMENT,1017.85,C1926027290,32511.29,31493.45,M1837601499,0.00,0.00,0,0
1,PAYMENT,2270.41,C1690050988,60640.12,58369.71,M1228798862,0.00,0.00,0,0
1,CASH_OUT,102265.88,C1562764987,58369.71,0.00,C392292416,1438958.75,3420103.09,0,0
1,DEBIT,13758.63,C216376974,29858.00,16099.37,C1219161283,21305.00,0.00,0,0
1,CASH_IN,5221.77,C164714495,1046.00,6267.77,C317071334,0.00,139555.44,0,0
1,PAYMENT,12256.66,C789982400,20800.00,8543.34,M1576277927,0.00,0.00,0,0
1,PAYMENT,8227.30,C2080643905,6207.00,0.00,M2137642385,0.00,0.00,0,0
1,PAYMENT,527.15,C1627883152,72421.00,71893.85,M481553464,0.00,0.00,0,0
1,PAYMENT,950.25,C1076966140,204944.00,203993.75,M1908781622,0.00,0.00,0,0
1,PAYMENT,12728.46,C749443480,83636.00,70907.54,M796553753,0.00,0.00,0,0
1,PAYMENT,1002.96,C1721045976,8325.00,7322.04,M975001918,0.00,0.00,0,0
1,PAYMENT,6917.10,C1250582716,13555.00,6637.90,M907815246,0.00,0.00,0,0
1,PAYMENT,1977.17,C2019157894,43619.00,41641.83,M677217562,0.00,0.00,0,0
1,PAYMENT,9314.84,C827035437,104536.00,95221.16,M1716164115,0.00,0.00,0,0
1,PAYMENT,1157.05,C1360541835,52867.00,51709.95,M363397863,0.00,0.00,0,0
1,DEBIT,3766.99,C2021053848,16600.00,12833.01,C1123629720,146166.67,46393.85,0,0
1,PAYMENT,3464.41,C1245593227,5548.00,2083.59,M1525844775,0.00,0.00,0,0
1,CASH_OUT,68662.06,C118555812,2083.59,0.00,C1740000325,145843.39,1363368.51,0,0
1,DEBIT,8679.29,C1233505227,150592.00,141912.71,C1877453512,21056.00,0.00,0,0
1,PAYMENT,15266.05,C1928621590,13679.00,0.00,M1016162524,0.00,0.00,0,0
1,PAYMENT,8348.75,C858423246,0.00,0.00,M1419125235,0.00,0.00,0,0
1,PAYMENT,8419.73,C88301993,0.00,0.00,M841166421,0.00,0.00,0,0
1,PAYMENT,6688.74,C1377301456,9207.00,2518.26,M938199512,0.00,0.00,0,0
1,PAYMENT,1979.94,C691779749,82034.00,80054.06,M37841489,0.00,0.00,0,0
1,PAYMENT,9574.31,C1873121466,52463.00,42888.69,M115945887,0.00,0.00,0,0
1,PAYMENT,5287.68,C1927499639,11424.00,6136.32,M2079961240,0.00,0.00,0,0
1,PAYMENT,10627.18,C949673757,6136.32,0.00,M1999664216,0.00,0.00,0,0
1,PAYMENT,5809.78,C532677950,99884.00,94074.22,M688593710,0.00,0.00,0,0
1,TRANSFER,411363.54,C1200048933,39951.00,0.00,C1049817027,52170.00,60738.03,0,0
1,PAYMENT,4086.50,C862025017,0.00,0.00,M739737502,0.00,0.00,0,0
1,PAYMENT,19741.22,C1572127577,81762.38,62021.17,M546796969,0.00,0.00,0,0
1,PAYMENT,5270.72,C417797183,62021.17,56750.45,M261845810,0.00,0.00,0,0
1,CASH_IN,55827.09,C1959708563,9907.00,65734.09,C1850180796,19873.00,1268668.92,0,0
1,CASH_OUT,174068.82,C1877986974,65734.09,0.00,C33524623,1905641.80,1517262.16,0,0
1,TRANSFER,1277212.77,C1334405552,1277212.77,0.00,C431687661,0.00,0.00,1,0
1,CASH_OUT,1277212.77,C467632528,1277212.77,0.00,C716083600,0.00,2444985.19,1,0
1,CASH_IN,24105.50,C422522663,144.00,24249.50,C644345897,20875.00,0.00,0,0
1,PAYMENT,6854.06,C145066402,19853.00,12998.94,M207988207,0.00,0.00,0,0
1,CASH_OUT,111899.09,C1800500978,12998.94,0.00,C1883840933,10026771.77,16874643.09,0,0
1,PAYMENT,1231.79,C191310504,20792.00,19560.21,M799755007,0.00,0.00,0,0
1,PAYMENT,3380.10,C247515192,19560.21,16180.11,M1850137076,0.00,0.00,0,0
1,DEBIT,2869.65,C1556520190,8768.00,5898.35,C1664439369,15485.00,5484.37,0,0
1,PAYMENT,1658.87,C701487403,16543.00,14884.13,M566641954,0.00,0.00,0,0
1,PAYMENT,823.36,C2039984535,14884.13,14060.77,M299819831,0.00,0.00,0,0
1,PAYMENT,7541.47,C1175418534,14060.77,6519.30,M1442038800,0.00,0.00,0,0
1,DEBIT,3635.93,C296541232,106929.00,103293.07,C288665596,95816.79,8496.61,0,0
1,PAYMENT,1328.59,C1997357673,14469.00,13140.41,M1250603112,0.00,0.00,0,0
1,TRANSFER,56145.85,C26357357,21528.00,0.00,C1058634310,5075.00,33008.44,0,0
1,PAYMENT,973.18,C1990733619,10762.00,9788.82,M1806378373,0.00,0.00,0,0
1,PAYMENT,619.24,C1958592872,31960.00,31340.76,M1682733268,0.00,0.00,0,0
1,DEBIT,300.41,C1395262169,39167.00,38866.59,C736709391,48749.55,46820.71,0,0
1,TRANSFER,700967.19,C1629454900,15383.00,0.00,C1060830840,50767.43,130747.56,0,0
1,PAYMENT,8354.27,C2075372030,5611.00,0.00,M2092885124,0.00,0.00,0,0
1,DEBIT,5423.28,C2139168000,20281.00,14857.72,C367746789,11523.00,0.00,0,0
1,PAYMENT,708.59,C1653751526,14857.72,14149.13,M67671827,0.00,0.00,0,0
1,PAYMENT,8358.81,C253348306,3467.00,0.00,M2013768748,0.00,0.00,0,0
1,PAYMENT,2245.62,C194107588,30910.00,28664.38,M1264674474,0.00,0.00,0,0
1,PAYMENT,4593.59,C175595853,78282.00,73688.41,M1339345635,0.00,0.00,0,0
1,PAYMENT,399.66,C1241938981,153760.00,153360.34,M168957945,0.00,0.00,0,0
1,PAYMENT,1617.90,C1004430079,507865.00,506247.10,M1379148981,0.00,0.00,0,0
1,PAYMENT,2167.26,C732597634,13669.00,11501.74,M832432849,0.00,0.00,0,0
1,PAYMENT,9738.95,C2031927175,289748.00,280009.05,M176041373,0.00,0.00,0,0
1,PAYMENT,3396.25,C1967617997,18524.00,15127.75,M726843606,0.00,0.00,0,0
1,PAYMENT,6780.78,C925803196,52640.00,45859.22,M1288135425,0.00,0.00,0,0
1,PAYMENT,2284.54,C49318987,539.00,0.00,M1058650291,0.00,0.00,0,0
